tree_type,latitude,longitude,size
Honeylocust,35.09577094363637,-106.66267259393939,42
Honeylocust,35.112395561999996,-106.57799790666667,33
Honeylocust,35.14942101916667,-106.71444665,15
Honeylocust,35.054850335333334,-106.72746046,15
Honeylocust,35.169799634545456,-106.55430900909091,13
Honeylocust,35.10981987615385,-106.71234604615385,12
Honeylocust,35.06857673785714,-106.64261756904762,11
Honeylocust,35.16355116,-106.61161176666667,10
Honeylocust,35.183508595,-106.68157183000001,5
Honeylocust,35.105154282,-106.530428,3
Littleleaf linden,35.06353123142857,-106.57865182857142,7
Littleleaf linden,35.055765701666665,-106.71478283333333,6
Littleleaf linden,35.1123933875,-106.537563025,5
Littleleaf linden,35.12842873,-106.5610924,4
Littleleaf linden,35.10871227,-106.7130335,1
Littleleaf linden,35.13606075,-106.5237071,1
Littleleaf linden,35.047816866,-106.72121655999999,1
Littleleaf linden,35.1256619,-106.5831944,1
Littleleaf linden,35.13973693,-106.5546209,1
Littleleaf linden,35.134125,-106.5291747,1
Green ash,35.06951338571428,-106.55954305714286,7
Green ash,35.08892403,-106.66563925,3
Green ash,35.165422275,-106.56348489999999,2
Green ash,35.10937601333333,-106.71310163333334,2
Green ash,35.00745449,-106.7077172,1
Green ash,35.12492142,-106.582196,1
Green ash,35.1503977,-106.7066941,1
Green ash,35.08639698,-106.6304804,1
Green ash,35.06332934,-106.5788979,1
Green ash,35.09547266,-106.6514511,1
,35.06423962,-106.6479421,
,35.08646271,-106.6301079,
Crape myrtle,33.8019172754386,-117.8931605877193,721
Crape myrtle,33.86721027196721,-117.7543935409836,675
Crape myrtle,33.84756424163077,-117.9444080126154,325
Crape myrtle,33.856394128356165,-117.78860685662102,305
Crape myrtle,33.817106465464484,-117.93485683497266,219
Crape myrtle,33.84097244768889,-117.8920353531852,183
Crape myrtle,33.82296296906433,-117.99616220760234,183
Crape myrtle,33.85825076837607,-117.83051996923078,171
Crape myrtle,33.832939865311474,-117.96114147442623,117
Crape myrtle,33.83198925790569,-117.9160384959778,114
Red maple,33.84455,-117.7424,3
Red maple,33.84377,-117.971,3
Red maple,33.81359,-117.9531,2
Red maple,33.84404,-117.7429,1
Red maple,33.845145,-117.7424,1
Red maple,33.844363333333334,-117.74316666666668,1
Red maple,33.84501,-117.7429,1
Red maple,33.84518,-117.7427,1
Red maple,33.84512,-117.7425,1
Red maple,33.84408,-117.743,1
Honeylocust,39.685787045499616,-104.80753281340046,1587
Honeylocust,39.70884772935098,-104.84494519332074,1291
Honeylocust,39.64321986794038,-104.77942376910568,1158
Honeylocust,39.738750677924756,-104.81147407257282,1011
Honeylocust,39.736958616986186,-104.8672187492228,824
Honeylocust,39.64986908217606,-104.80912730445104,757
Honeylocust,39.593719142727274,-104.70240745681818,738
Honeylocust,39.68474564008368,-104.84850690767085,717
Honeylocust,39.683516461968296,-104.78002762021136,261
Honeylocust,39.74507404777778,-104.75694215249042,44
Littleleaf linden,39.67226025734694,-104.80787938163266,49
Littleleaf linden,39.73751585058824,-104.87679783529411,17
Littleleaf linden,39.719580424,-104.83851947999999,10
Littleleaf linden,39.672555813,-104.77556129,9
Littleleaf linden,39.63926176333334,-104.78395386666666,9
Littleleaf linden,39.74252355,-104.7687857,8
Littleleaf linden,39.7374632675,-104.813772125,5
Littleleaf linden,39.70080364125,-104.8509749,4
Littleleaf linden,39.70208375,-104.79676285,4
Littleleaf linden,39.745701947777775,-104.84556817777778,2
Green ash,39.68580649225197,-104.78242938220474,988
Green ash,39.73819945510135,-104.86525598766892,977
Green ash,39.64419054486842,-104.79129119291498,635
Green ash,39.718283849380164,-104.80711223181818,592
Green ash,39.69183331255874,-104.85420164386423,484
Green ash,39.71995586351074,-104.84253362958034,426
Green ash,39.74146876533333,-104.76886357190476,398
Green ash,39.75594660389447,-104.83244042638192,383
Green ash,39.66578273046949,-104.81407943051643,372
Green ash,39.64160437209677,-104.7565790717742,210
Norway maple,39.69106981654353,-104.80657987018469,793
Norway maple,39.711186872962294,-104.83803247091562,611
Norway maple,39.6329285428084,-104.79443042992126,590
Norway maple,39.65210569220736,-104.76540583311036,557
Norway maple,39.660828229936946,-104.8040378595208,381
Norway maple,39.74620858330033,-104.84559650726074,379
Norway maple,39.73487223973054,-104.80057514311378,367
Norway maple,39.68970805726678,-104.85070337381342,334
Norway maple,39.725706012728814,-104.86426566322035,303
Norway maple,39.68729160190736,-104.77077216948229,299
Pin oak,39.66042816888889,-104.79858077777777,9
Pin oak,39.73214761,-104.8396508,4
Pin oak,39.656382,-104.751492,2
Pin oak,39.691945,-104.852466,1
Pin oak,39.74951768,-104.81458814999999,1
Pin oak,39.63003457,-104.8180685,1
Pin oak,39.64851884,-104.7747153,1
Pin oak,39.63931587,-104.8064863,1
Pin oak,39.65937735,-104.8093356,1
Pin oak,39.660486605,-104.7975893,1
,39.75236382,-104.8255576,
,39.68498719,-104.8482161,
Red maple,39.31298736082898,-76.6371876376027,2575
Red maple,39.3295461865319,-76.55924626198562,1703
Red maple,39.2941222757563,-76.68809342886554,1400
Red maple,39.35893003117909,-76.57771442068965,1339
Red maple,39.35331707268581,-76.62477001353885,1184
Red maple,39.29116136620194,-76.5777980251301,1178
Red maple,39.34012176439728,-76.67987952050935,1113
Red maple,39.285582872700004,-76.63922810092858,899
Red maple,39.265232414227846,-76.60781747203798,790
Red maple,39.31948377828538,-76.60681044100411,714
Green ash,39.27953380615384,-76.6852482825641,165
Green ash,39.31508796733333,-76.59339738872727,153
Green ash,39.3405142,-76.64108939780488,123
Green ash,39.330780772178215,-76.54335916673267,117
Green ash,39.29137832300653,-76.63763536862746,110
Green ash,39.35948830768116,-76.58043442260869,101
Green ash,39.35799731627272,-76.67839265,97
Green ash,39.25855029258427,-76.611182027191,89
Green ash,39.31677883804124,-76.68240372701031,87
Green ash,39.29555535505747,-76.553156615977,69
Norway maple,39.29435177989362,-76.68613424414893,642
Norway maple,39.2916366660815,-76.57375712774295,519
Norway maple,39.3500918367147,-76.63665285224783,493
Norway maple,39.28384403471186,-76.62160668630509,411
Norway maple,39.3434985610219,-76.5599939120438,347
Norway maple,39.34267807405679,-76.68293991572008,319
Norway maple,39.30417703014019,-76.64434198964175,295
Norway maple,39.35887563771627,-76.6029546033218,289
Norway maple,39.23572851319327,-76.6062575784874,282
Norway maple,39.32420525578035,-76.60965124662813,119
Pin oak,39.288023618048044,-76.62965429897898,341
Pin oak,39.338825525625005,-76.55034601850961,333
Pin oak,39.32317055512,-76.5973548554,331
Pin oak,39.337521601782605,-76.67918047265216,313
Pin oak,39.25436482974441,-76.61980465226837,250
Pin oak,39.35886187935484,-76.60090694365591,230
Pin oak,39.28918598043478,-76.67630980118012,208
Pin oak,39.3309559844713,-76.62891862416919,186
Pin oak,39.284490504054055,-76.5425121531081,161
Pin oak,39.29144037196481,-76.58740848733139,74
London planetree,39.289815960506665,-76.60128655942667,898
London planetree,39.31932574207476,-76.66522557442991,897
London planetree,39.36194655992551,-76.61042824774675,750
London planetree,39.346428580829695,-76.68632049917031,702
London planetree,39.23253306994764,-76.6015743121466,687
London planetree,39.29111268342252,-76.56944286835005,630
London planetree,39.32497014501587,-76.6179483844762,537
London planetree,39.28972113613586,-76.63904675152561,535
London planetree,39.34434268690883,-76.56216835316239,206
London planetree,39.2873656834466,-76.69352245441748,191
Littleleaf linden,39.28720792329955,-76.57106312537162,1149
Littleleaf linden,39.31920107733038,-76.61151220346608,888
Littleleaf linden,39.33366652170329,-76.55145189120879,780
Littleleaf linden,39.28366253659011,-76.638134910106,678
Littleleaf linden,39.34372311691466,-76.68144918660832,566
Littleleaf linden,39.28347633430769,-76.60136800880768,467
Littleleaf linden,39.29231179393678,-76.68400835436782,457
Littleleaf linden,39.30773804786771,-76.63330535260226,418
Littleleaf linden,39.34610554818182,-76.62477579452154,348
Littleleaf linden,39.357914547087795,-76.58552983993576,182
Callery pear,39.34475648518248,-76.67472420204379,752
Callery pear,39.30256558413564,-76.58917721918883,737
Callery pear,39.31241150588874,-76.62101667943011,728
Callery pear,39.28485903087912,-76.63579637053572,640
Callery pear,39.34469711443709,-76.55265543821191,497
Callery pear,39.28563672282813,-76.56833547812501,391
Callery pear,39.23744582189655,-76.60288329603448,309
Callery pear,39.302703259967636,-76.67110110889968,302
Callery pear,39.276621783179074,-76.6062894438833,274
Callery pear,39.3481534202046,-76.6114366880307,116
Honeylocust,39.35473971,-76.54388785,12
Honeylocust,39.302935158333334,-76.63990941583333,9
Honeylocust,39.28710600375,-76.579107945,8
Honeylocust,39.34503320857142,-76.62870180285714,8
Honeylocust,39.241391934444444,-76.59155144111111,7
Honeylocust,39.30594663,-76.54490737,7
Honeylocust,39.279112768333334,-76.66513978,6
Honeylocust,39.32658541,-76.61422500142858,3
Honeylocust,39.334828646666665,-76.67886342000001,3
Honeylocust,39.32094872333334,-76.57405447000001,1
Live oak,39.315813065,-76.61830696,2
Live oak,39.30676848,-76.628096985,2
Live oak,39.30529738,-76.62387359,1
Live oak,39.3052694,-76.62631518,1
Live oak,39.31632157,-76.61559679,1
Live oak,39.30652635,-76.62437547,1
Live oak,39.30409773,-76.62585177,1
Live oak,39.30675693,-76.62834005,1
Live oak,39.30511807,-76.62366348,1
Live oak,39.3066334,-76.6285069,1
Norway maple,42.950898831108034,-78.89940279753463,1516
Norway maple,42.88445253871795,-78.81526212045787,1444
Norway maple,42.914576386674874,-78.8130070746798,1315
Norway maple,42.93682151888281,-78.87089212022656,1280
Norway maple,42.910648519875345,-78.88562444305401,973
Norway maple,42.91062452052471,-78.8526480905095,816
Norway maple,42.88852148462009,-78.86727667884804,812
Norway maple,42.94565292894459,-78.84791260603562,812
Norway maple,42.939093783916256,-78.8174421766133,546
Norway maple,42.845596646690645,-78.8151871593628,361
Honeylocust,42.94885788924051,-78.90419644430379,307
Honeylocust,42.85216833190909,-78.81863368136365,197
Honeylocust,42.918974146612904,-78.87537729564517,181
Honeylocust,42.93063213141935,-78.80934546574194,165
Honeylocust,42.881650435342024,-78.87356583345276,161
Honeylocust,42.936343367950315,-78.84578727242236,155
Honeylocust,42.94295657416244,-78.87696737436548,124
Honeylocust,42.90442748236364,-78.89322017981817,110
Honeylocust,42.90039154447514,-78.8601820335359,93
Honeylocust,42.88069335935484,-78.83810336311828,79
Littleleaf linden,42.94770787929368,-78.9005795255762,1610
Littleleaf linden,42.88858655235566,-78.80662025351039,1353
Littleleaf linden,42.94451622849224,-78.85453611189209,1254
Littleleaf linden,42.84630254270903,-78.81496788557413,897
Littleleaf linden,42.88610017173317,-78.85198428981296,834
Littleleaf linden,42.94397799715827,-78.82046005023982,802
Littleleaf linden,42.91282239042386,-78.84731425277865,699
Littleleaf linden,42.91959788231056,-78.88251734954036,637
Littleleaf linden,42.917493990686694,-78.817034080701,538
Littleleaf linden,42.89902340739234,-78.8810583986284,433
London planetree,42.90460611388889,-78.887290225,290
London planetree,42.90535174051724,-78.82417233247126,183
London planetree,42.906519989689656,-78.85039491348276,175
London planetree,42.846422194521736,-78.81750324078261,174
London planetree,42.9353763258427,-78.8767544047191,115
London planetree,42.93502184639344,-78.81071522770492,89
London planetree,42.887855132628566,-78.86926668845715,86
London planetree,42.89033162060241,-78.80444350253012,83
London planetree,42.891235961038255,-78.84730579289618,72
London planetree,42.94104547546512,-78.84822066046512,61
Red maple,42.93355524600629,-78.86272980597485,400
Red maple,42.85600134958904,-78.84546227917808,365
Red maple,42.89669606909589,-78.88382719663014,318
Red maple,42.952516013122676,-78.90207547156133,296
Red maple,42.90029435119048,-78.81126650871428,280
Red maple,42.944367402573526,-78.81772256066176,269
Red maple,42.89664357106666,-78.84583485946666,210
Red maple,42.95116551496429,-78.84951229210714,150
Red maple,42.91716559587837,-78.8844962768581,136
Red maple,42.845287155200005,-78.810092676275,73
Callery pear,42.938839781260505,-78.82060400306723,238
Callery pear,42.92754768379629,-78.87285434175926,151
Callery pear,42.882914040137926,-78.87329056351724,150
Callery pear,42.90461754754238,-78.81303907508475,146
Callery pear,42.9107206802985,-78.85158834343284,145
Callery pear,42.94735328828571,-78.85830037742856,118
Callery pear,42.88579830986755,-78.84199348536423,108
Callery pear,42.94395899479452,-78.89817775123288,105
Callery pear,42.85303993525773,-78.8145466797938,97
Callery pear,42.90626208253333,-78.88780017466667,67
Pin oak,42.86045561090909,-78.82682735818182,53
Pin oak,42.93129510375,-78.872339445,37
Pin oak,42.90570056754717,-78.84066240433962,35
Pin oak,42.95761197837838,-78.90794647297297,33
Pin oak,42.83474418642857,-78.81742942285715,14
Pin oak,42.93595699428572,-78.85691270199999,13
Pin oak,42.898642078461535,-78.88443153076923,11
Pin oak,42.84655416121212,-78.80291645484849,9
Pin oak,42.95629168777778,-78.86247270111112,8
Pin oak,42.928747182500004,-78.821265015,4
Green ash,42.85083619378788,-78.81142658378788,106
Green ash,42.92802592701299,-78.8759166777922,102
Green ash,42.95264569705883,-78.90617303617647,96
Green ash,42.899809955,-78.83635384052631,77
Green ash,42.87971075830509,-78.86914700152542,76
Green ash,42.905497360937495,-78.8804867159375,66
Green ash,42.94579995372549,-78.83574759019608,59
Green ash,42.914595705517236,-78.80958562068965,56
Green ash,42.83077303535714,-78.82811298125,51
Green ash,42.93845847566038,-78.85800949716982,29
Live oak,26.64158896533565,-81.9708903422801,971
Live oak,26.599439316701027,-82.01691877992636,864
Live oak,26.676001703396828,-81.94538404657143,679
Live oak,26.564075173816512,-81.98976569576146,635
Live oak,26.563680377442747,-81.94954558725192,620
Live oak,26.6383590807947,-82.0350516950331,545
Live oak,26.6771383711811,-82.01971866050394,453
Live oak,26.720473169403228,-81.92709563348387,383
Live oak,26.609980722986613,-81.98064829446962,315
Live oak,26.624872384699742,-81.92758528206267,262
Red maple,26.674603662666666,-81.94192223166667,48
Red maple,26.587379019000004,-82.003049305,30
Red maple,26.63386155,-81.960655898,20
Red maple,26.66347148,-82.0066825325,10
Red maple,26.568781205,-81.94888965999999,8
Red maple,26.68935921375,-81.94272986541667,7
Red maple,26.62644534875,-81.92362521875,6
Red maple,26.63003423666667,-82.02278621166667,4
Red maple,26.62524673142857,-81.98671868,3
Red maple,26.547822873333335,-81.98162925,2
Crape myrtle,26.639633246052632,-82.03914399210525,96
Crape myrtle,26.60488332310811,-81.97753933999999,89
Crape myrtle,26.632265774269666,-81.95850438606742,74
Crape myrtle,26.557278298205127,-81.95301872743589,52
Crape myrtle,26.609249021333333,-82.02705767511111,47
Crape myrtle,26.64387031673077,-81.978527705,45
Crape myrtle,26.6040627065625,-81.96112421447917,39
Crape myrtle,26.647175479411764,-81.9284376582353,38
Crape myrtle,26.60759889744681,-82.0015487074468,17
Crape myrtle,26.678177966666667,-82.02027352333333,6
Littleleaf linden,38.83133439029412,-104.79854235882352,63
Littleleaf linden,38.79771546185185,-104.73679677777778,34
Littleleaf linden,38.858580735000004,-104.81390921666666,30
Littleleaf linden,38.898838436666665,-104.77213526666667,27
Littleleaf linden,38.87758873,-104.698051,25
Littleleaf linden,38.961852495,-104.77184365,5
Littleleaf linden,38.8547006668254,-104.82495952539682,3
Littleleaf linden,38.802140098,-104.81229083999999,3
Littleleaf linden,38.85191229666666,-104.74634160000001,2
Littleleaf linden,38.7956111664,-104.74839623199999,1
Green ash,38.82708515565217,-104.79919522512077,721
Green ash,38.85670116707351,-104.82071835131761,443
Green ash,38.79609754029345,-104.74633584221219,414
Green ash,38.911152787666666,-104.72895664,114
Green ash,38.950442527199996,-104.76889106799999,44
Green ash,38.83964043385965,-104.82528468157895,33
Green ash,38.84805808886364,-104.7511475659091,30
Green ash,38.90316973090909,-104.77199738484849,25
Green ash,38.94610193,-104.86524606666667,13
Green ash,38.84849461846154,-104.8613030923077,3
Norway maple,38.85517482791139,-104.82624050316454,158
Norway maple,38.82731438285714,-104.75878255714285,92
Norway maple,38.91093700095238,-104.7801018142857,80
Norway maple,38.836799978624995,-104.7990343225,55
Norway maple,38.90799910882353,-104.86576559411765,28
Norway maple,38.77520348272728,-104.82511712727273,21
Norway maple,38.91764125466667,-104.72390517333334,17
Norway maple,38.79574606509091,-104.74458248,15
Norway maple,38.85725386423913,-104.81445334021738,11
Norway maple,38.95157437090909,-104.77010338181817,11
Honeylocust,38.7985807309816,-104.74681891779142,163
Honeylocust,38.88831303434783,-104.80286887391306,115
Honeylocust,38.88642214684211,-104.7023416,79
Honeylocust,38.83570512670886,-104.79275445949366,38
Honeylocust,38.85469960130435,-104.82061292434783,33
Honeylocust,38.94698012307692,-104.76463329615385,32
Honeylocust,38.860602382121215,-104.7293557,28
Honeylocust,38.926974702857144,-104.86948661428572,26
Honeylocust,38.846996395,-104.8557480375,23
Honeylocust,38.90880388875,-104.75265214375,16
Red maple,38.85357749,-104.8239563,8
Red maple,38.78990326833333,-104.73626128333335,6
Red maple,38.79556479,-104.75370625,6
Red maple,38.80527324,-104.7441932,6
Red maple,38.85850561,-104.821700175,2
Red maple,38.85184995,-104.8145666,1
Red maple,38.856763915,-104.82784688333334,1
Red maple,38.853877338333334,-104.8196402,1
Red maple,38.79556623,-104.7377151,1
Red maple,38.79170601,-104.7426258,1
Callery pear,38.860161105,-104.81862054999999,5
Callery pear,38.79399031,-104.7476592,4
Callery pear,38.86932818,-104.7579403,3
Callery pear,38.855563444,-104.82648662,2
Callery pear,38.80537485,-104.7384205,2
Callery pear,38.857387609999996,-104.8155574,2
Callery pear,38.79415462,-104.7368147,1
Callery pear,38.797929885,-104.75212805,1
Callery pear,38.85648682,-104.82126925,1
Callery pear,38.853101965,-104.81585425,1
Pin oak,38.837312499999996,-104.82217645,5
Pin oak,38.817589475000005,-104.73954855,4
Pin oak,38.8555301075,-104.8232645,3
Pin oak,38.86838831,-104.7576828,2
Pin oak,38.80135184,-104.7385716,2
Pin oak,38.86627111,-104.8133453,1
Pin oak,38.84488426,-104.8272825,1
Pin oak,38.853535916,-104.82587478,1
Pin oak,38.85881166,-104.8138162,1
Pin oak,38.856408286666664,-104.82750806666667,1
Littleleaf linden,39.928180878289965,-83.08436833267659,699
Littleleaf linden,40.09383553191702,-82.97370367430615,650
Littleleaf linden,39.94966553334247,-82.92567418852055,609
Littleleaf linden,40.1220224084,-83.057664427,365
Littleleaf linden,39.96002136842365,-82.99708193090312,287
Littleleaf linden,39.93333253511811,-82.81806712216536,269
Littleleaf linden,40.09096185625,-82.85145961085938,266
Littleleaf linden,40.06121937390977,-83.08031530962407,254
Littleleaf linden,40.02579095219512,-83.00874551184668,128
Littleleaf linden,39.962900216421055,-83.15524441431579,95
Green ash,40.09793244321113,-83.07493726126422,1582
Green ash,39.98354617157128,-82.99072542185225,969
Green ash,39.999141305199004,-82.78414334121891,961
Green ash,39.98348420855263,-83.13761050122369,760
Green ash,40.09586292461301,-82.98411190646027,636
Green ash,40.08037447056555,-82.84351237938303,618
Green ash,39.89543190182254,-82.95557909424461,572
Green ash,39.926140310738994,-83.07299335737422,417
Green ash,39.92718944228156,-82.85376985389968,402
Green ash,40.03965964655595,-82.92955121234266,389
Red maple,40.033394462309026,-83.0127092657986,1521
Red maple,40.094447431442475,-82.84581462826549,1130
Red maple,39.91437817197339,-82.84079914332594,1100
Red maple,39.95412178350909,-82.98170774490909,688
Red maple,40.077093390802794,-82.95426815371728,590
Red maple,39.95843682755814,-83.12832176325581,576
Red maple,40.10946509157133,-83.06142105631164,573
Red maple,40.136762174508476,-83.0052227820339,451
Red maple,40.05388680045455,-83.15103032467171,396
Red maple,40.001734127707316,-82.78866797312195,205
Norway maple,39.97607969541922,-82.94003678376278,660
Norway maple,40.02413715983333,-83.00834994737879,591
Norway maple,39.94919304454811,-83.07602017842567,524
Norway maple,40.10725889895161,-83.06901556086693,496
Norway maple,39.948890231183206,-82.99292821980916,489
Norway maple,40.095992462582785,-82.85223452264901,343
Norway maple,40.08525992563452,-82.96881735453469,251
Norway maple,40.00643600156717,-82.79323626313433,207
Norway maple,40.037163293904385,-83.14479695673306,151
Norway maple,39.92571467086957,-82.86488464391304,134
London planetree,39.96163980122266,-83.00516227951292,1006
London planetree,40.086878815615385,-82.9675024728846,479
London planetree,40.092555414175436,-83.05697366154386,318
London planetree,39.95807500062893,-82.94460460242138,285
London planetree,39.961643844252876,-83.11718498241379,260
London planetree,40.09917956519833,-82.84597320835073,187
London planetree,40.145968001604274,-82.98739768320856,183
London planetree,40.029051206010934,-83.01077186098361,174
London planetree,40.049789729375,-83.17714045107142,120
London planetree,39.93457630825,-82.85917626383333,112
Callery pear,40.002368247405734,-83.0087556841629,1219
Callery pear,40.071148125579704,-83.11471120059782,1137
Callery pear,39.91653500846995,-82.81621142469946,970
Callery pear,40.100335479739584,-82.97304349289931,663
Callery pear,39.92987448452991,-83.0829364374359,576
Callery pear,39.99380622457732,-83.14240739328865,560
Callery pear,39.92737954595745,-82.90279588952127,552
Callery pear,40.070929748910714,-82.8873831591607,468
Callery pear,39.946877484987695,-82.98718325844955,366
Callery pear,40.10695290298153,-83.06371070547934,188
Pin oak,39.93477182693396,-82.85430520603774,321
Pin oak,40.10045393640777,-82.97796264592233,249
Pin oak,39.94557500769231,-83.10053239653847,212
Pin oak,39.95014110853583,-82.93178296890966,106
Pin oak,40.06178417047619,-83.17609805214286,103
Pin oak,40.036763705461844,-83.00164481052208,58
Pin oak,40.110152074411765,-83.07077223705882,52
Pin oak,39.950092915849055,-83.00364180849057,51
Pin oak,40.04094765627451,-82.81781188862745,42
Pin oak,40.065122206206894,-82.91528811775862,34
Green ash,39.74406016266129,-104.96057013853809,5828
Green ash,39.78410723842251,-104.752025762131,2992
Green ash,39.68761040083222,-104.96259632356283,2777
Green ash,39.76612628097728,-105.02635569361702,2773
Green ash,39.65793222388166,-104.90070330086785,2535
Green ash,39.76058754934659,-104.88433682950487,2464
Green ash,39.6314130115665,-105.06339756453202,2172
Green ash,39.72467954626936,-104.90948349416637,2168
Green ash,39.785894644169964,-104.8190227979249,1015
Green ash,39.71428065983426,-105.01342394175875,1012
Littleleaf linden,39.76359481833419,-104.88678381266017,2199
Littleleaf linden,39.7410329444975,-104.95819823860846,1957
Littleleaf linden,39.78959569117706,-104.75677193179075,1951
Littleleaf linden,39.69036618303628,-104.9673612086569,1864
Littleleaf linden,39.65061567147107,-104.89178734975206,1571
Littleleaf linden,39.7236581284127,-105.00647814454365,1008
Littleleaf linden,39.721966105084306,-104.90316587588144,994
Littleleaf linden,39.78528767840263,-104.82328906958425,605
Littleleaf linden,39.64806526797183,-105.05645874112676,457
Littleleaf linden,39.76429341069743,-105.02441542532188,355
Norway maple,39.69346487458823,-104.9674026822745,1555
Norway maple,39.78622118655388,-104.77174557042606,1459
Norway maple,39.74095038753941,-104.9371576477039,1275
Norway maple,39.77312318368,-104.881066956,1056
Norway maple,39.76608478986743,-105.02963671363636,798
Norway maple,39.72652516905308,-104.90098578493543,697
Norway maple,39.70042477019763,-105.02736323754941,500
Norway maple,39.6255797688587,-105.06091364456522,253
Norway maple,39.739370154990354,-104.97432870090033,184
Norway maple,39.65761828940476,-104.90898240119047,168
Red maple,39.788630093768475,-104.76414116182266,533
Red maple,39.72541710694184,-104.96599051707317,435
Red maple,39.76669105344827,-105.03081556597702,425
Red maple,39.61749048425197,-105.06793940866142,406
Red maple,39.769964040247935,-104.88906985909091,398
Red maple,39.698018554565216,-105.03069073152174,349
Red maple,39.72272705475645,-104.9042435939828,242
Red maple,39.753372768015076,-104.94502665025126,127
Red maple,39.65844779571428,-104.9073725974026,92
Red maple,39.690017137647054,-104.96771524,77
Pin oak,39.79146453,-104.89131187142857,66
Pin oak,39.75966091027027,-105.0336742054054,39
Pin oak,39.72709282090909,-104.95875391212121,37
Pin oak,39.782774589999995,-104.83279801428571,35
Pin oak,39.788657284,-104.74731292,33
Pin oak,39.68971864923077,-104.96476795641026,31
Pin oak,39.74100338924242,-104.98599943484848,21
Pin oak,39.73712110870968,-104.89051470967742,15
Pin oak,39.75522154942857,-104.93386103428571,12
Pin oak,39.6655255275,-104.89767024999999,7
Green ash,41.69051817255507,-93.06946766757709,315
Green ash,41.85327996979592,-93.96683169989797,257
Green ash,41.68560486795181,-94.4278917153012,227
Green ash,41.63316108609524,-93.8371406884127,174
Green ash,41.50018135981132,-94.64403152698114,172
Green ash,41.87339176587209,-94.66936517843023,139
Green ash,41.655572963597116,-93.45996896784172,98
Green ash,41.65136732735408,-93.98531679645914,83
Green ash,41.510708362183905,-94.24162305304597,53
Green ash,41.64656482275,-92.866350357,40
Norway maple,41.6454522910303,-93.95103221878789,165
Norway maple,41.87271354154639,-94.6670889886598,102
Norway maple,41.66320822974359,-93.0887002323077,97
Norway maple,41.632839410138885,-93.47413489333333,91
Norway maple,41.68608726097561,-94.43105998365853,78
Norway maple,41.84005982362745,-93.90744979960785,72
Norway maple,41.50143805259259,-94.64523804407408,41
Norway maple,41.304201902,-93.438041583,27
Norway maple,41.50900586615384,-94.24707440692308,20
Norway maple,42.246517585263156,-93.06510159684211,19
Littleleaf linden,41.687391972166665,-93.07108787933333,123
Littleleaf linden,41.6503846971875,-93.9876682215625,60
Littleleaf linden,41.8751894682353,-94.68050293852941,34
Littleleaf linden,41.60631754585366,-93.85185417569106,32
Littleleaf linden,41.578741506,-93.452679503,30
Littleleaf linden,41.62937468357143,-94.51263619999999,14
Littleleaf linden,41.841660884285716,-93.90806377,14
Littleleaf linden,41.59187135,-92.848014665,10
Littleleaf linden,41.51058924,-94.268777728,8
Littleleaf linden,42.24494742,-93.06441763999999,2
Honeylocust,41.61055892083969,-93.90088583633587,131
Honeylocust,41.68732363967742,-93.06352333451613,93
Honeylocust,41.805562810714285,-94.64837560464285,36
Honeylocust,41.52398296944445,-94.26157692833334,33
Honeylocust,41.58630407636364,-93.5043292609091,28
Honeylocust,41.8536745052381,-93.94775615619048,22
Honeylocust,41.656681287727274,-93.26566520818182,22
Honeylocust,41.62674351117647,-92.86163534941177,21
Honeylocust,42.247777405,-93.06134182,17
Honeylocust,41.60203109818182,-93.7107968609091,2
Red maple,41.611414156,-94.35722363333333,74
Red maple,41.70878875513514,-93.03149985256756,59
Red maple,41.444553427037036,-93.44579376222224,57
Red maple,41.606543285423726,-93.81134766796609,49
Red maple,41.874068755555555,-94.67687799888888,43
Red maple,41.50872211,-94.14794387653062,43
Red maple,41.562065428604654,-93.17033778511627,30
Red maple,41.703665208837215,-93.94901046790697,27
Red maple,42.24555116,-93.0643034775,9
Red maple,41.63553080859649,-93.46752651982456,4
Callery pear,41.70543861,-93.01798716666667,7
Callery pear,41.601185326,-93.708986916,5
Callery pear,41.58724992857143,-93.5066861757143,3
Callery pear,42.24347241,-93.06434764,3
Callery pear,41.51422867,-94.22811633,3
Callery pear,41.85645353,-93.92480216,2
Callery pear,41.49496533333333,-93.48912444333332,2
Callery pear,41.70214565,-93.06505161666666,1
Callery pear,41.604395034999996,-93.53130094,1
Callery pear,41.593238369999995,-93.48909762,1
Pin oak,41.6474093275,-92.83926202666667,104
Pin oak,41.631036944074076,-93.97078199740741,27
Pin oak,41.55897557269231,-93.16164803269231,26
Pin oak,41.68127809,-94.464575378,24
Pin oak,41.69135855836539,-93.05655321894231,23
Pin oak,41.607077940434785,-93.4776556526087,15
Pin oak,41.50352541625,-94.26908769458333,14
Pin oak,42.24542408,-93.06693763999999,12
Pin oak,41.60782745785714,-93.72286142428571,5
Pin oak,41.879239568,-94.68430454,2
London planetree,42.41769971350877,-82.94656884491228,122
London planetree,42.43062563696721,-83.15096817655738,99
London planetree,42.41009130356322,-83.22834215448276,87
London planetree,42.38189808986111,-83.09583566583333,72
London planetree,42.43525189474747,-83.2564462780808,57
London planetree,42.435550635,-83.0395704886111,52
London planetree,42.34788440384615,-83.25441175,46
London planetree,42.35161700117647,-83.01786818941177,36
London planetree,42.36683332086957,-83.20537207847826,17
London planetree,42.30814014916667,-83.11837426083333,12
Red maple,42.35529851814672,-83.23387259223938,259
Red maple,42.44004364581395,-83.00924578093023,150
Red maple,42.40885089082353,-83.0852590497647,118
Red maple,42.43613215833333,-83.25680921654762,100
Red maple,42.43536832513333,-83.15391781453333,85
Red maple,42.4111299119,-82.9405672586,84
Red maple,42.314197517777785,-83.1089128212963,56
Red maple,42.38292169321429,-83.15088300607144,54
Red maple,42.35699773333334,-82.99902850583334,48
Red maple,42.40519583144068,-83.22200220923729,43
Littleleaf linden,42.306684837567566,-83.12380488243242,78
Littleleaf linden,42.43693249825397,-83.25227571063493,63
Littleleaf linden,42.439013249285715,-83.06560780999999,58
Littleleaf linden,42.353687788589745,-83.2403640123077,44
Littleleaf linden,42.36002368142857,-82.97799034642857,37
Littleleaf linden,42.41423073340909,-83.13891785977273,30
Littleleaf linden,42.358450098000006,-83.05844112666666,28
Littleleaf linden,42.42333373933333,-82.95661689266667,15
Littleleaf linden,42.407873654482756,-83.23308774310345,15
Littleleaf linden,42.435549904666665,-83.17962163633334,14
Callery pear,42.375735298888884,-83.071291,10
Callery pear,42.431949634285715,-83.13871996857142,9
Callery pear,42.36726,-82.941201,9
Callery pear,42.333369953,-83.076042723,7
Callery pear,42.35067092,-83.20640445,5
Callery pear,42.44078129333334,-83.25349867,5
Callery pear,42.409353599999996,-82.9372506,3
Callery pear,42.311880243999994,-83.107364684,3
Callery pear,42.36243474333333,-83.17151248333333,1
Callery pear,42.377855616666665,-83.09020996,1
Honeylocust,42.35053811,-83.06779861,3
Honeylocust,42.3428355,-83.2537355,2
Honeylocust,42.343672999999995,-83.253824,2
Honeylocust,42.35212042,-83.06780834,2
Honeylocust,42.34231966666667,-83.25368033333332,2
Honeylocust,42.343208000000004,-83.25377499999999,2
Honeylocust,42.342648999999994,-83.2537155,2
Honeylocust,42.343847,-83.253843,1
Honeylocust,42.343393500000005,-83.2537945,1
Honeylocust,42.3430215,-83.253755,1
,42.345439,-83.254007,
,42.345322,-83.253995,
,42.31135462,-83.10698032,
,42.31127131,-83.10693204,
,42.35243708,-83.06686152,
,42.405779,-82.97779843,
Red maple,36.00559520987952,-78.91382909445782,141
Red maple,35.98694309858268,-78.88412005456692,139
Red maple,36.020785680857145,-78.92413092271428,127
Red maple,35.95942171774193,-78.95022120322581,83
Red maple,35.924481831818184,-78.90802749363637,70
Red maple,36.02020807914894,-78.89674607021277,66
Red maple,35.98030691404762,-78.91768278166667,42
Red maple,35.99436796230216,-78.89965311330936,31
Red maple,36.03495972375,-78.95817299000001,11
Red maple,35.99733977409091,-78.86925909515152,8
Green ash,36.041267059999996,-78.878278185,13
Green ash,36.00611810461538,-78.91013650461538,12
Green ash,35.982708934166666,-78.91396666,12
Green ash,36.02052458199999,-78.893601394,11
Green ash,36.017878627500004,-78.92583279750001,5
Green ash,35.99266368,-78.87693152,5
Green ash,35.960937025,-78.95089059,2
Green ash,36.063747140000004,-78.91788780499999,2
Green ash,35.973758004000004,-78.89539693399999,2
Green ash,36.00296548363636,-78.89532912454546,2
London planetree,35.977965981666664,-78.91767389166667,13
London planetree,36.074564538333334,-78.8970074175,12
London planetree,36.011256082,-78.89257459000001,6
London planetree,36.01489735,-78.93248622499999,5
London planetree,35.98690085,-78.8810215975,4
London planetree,35.99913554,-78.90118592,4
London planetree,36.024908829999994,-78.87701153666667,3
London planetree,36.07443494153846,-78.90281618153845,3
London planetree,36.00280628666667,-78.90725877,2
London planetree,36.00664149,-78.89753222499999,2
Callery pear,35.98855374354839,-78.9151448832258,45
Callery pear,36.008946610476194,-78.8966321204762,42
Callery pear,36.05048190266667,-78.977389736,31
Callery pear,35.92100828857143,-78.95788556357142,26
Callery pear,35.93256985388889,-78.90804904222222,18
Callery pear,35.993531650769235,-78.8705312123077,17
Callery pear,36.01403523244444,-78.93124847066667,17
Callery pear,35.96293602235294,-78.96097895235295,15
Callery pear,36.03821339941177,-78.87853388647058,14
Callery pear,35.968075735,-78.888442565,12
Littleleaf linden,36.02254103666667,-78.89415934666667,22
Littleleaf linden,35.99779790181818,-78.90231725181819,7
Littleleaf linden,36.01059842285714,-78.90661887857142,6
Littleleaf linden,36.01425571,-78.91805664666667,4
Littleleaf linden,36.013010050000005,-78.89434107,4
Littleleaf linden,36.00222325,-78.91000885,3
Littleleaf linden,36.00493011,-78.88723727,2
Littleleaf linden,36.0068775275,-78.8980228525,2
Littleleaf linden,36.0155903,-78.9055661575,1
Littleleaf linden,36.01197027,-78.9238286,1
Pin oak,35.98285863666667,-78.91207632,5
Pin oak,35.99686027,-78.89960212,4
Pin oak,35.987938815,-78.884155255,3
Pin oak,36.020994975,-78.894842215,2
Pin oak,36.005508090000006,-78.909809295,2
Pin oak,35.97774072,-78.92839577,2
Pin oak,35.98655771,-78.92347857,1
Pin oak,35.99606488,-78.90767175,1
Pin oak,36.01443275,-78.91453609,1
Pin oak,35.981275412,-78.913748158,1
Live oak,35.975234595625,-78.892100919375,16
Live oak,36.023236237999996,-78.90446298666667,15
Live oak,35.992889986,-78.925018765,13
Live oak,36.019416331,-78.925718316,10
Live oak,35.99918320769231,-78.90084920923076,10
Live oak,35.97731535,-78.9084061575,8
Live oak,36.02029530375,-78.894345375,8
Live oak,36.01166402,-78.88533563333333,6
Live oak,36.024041071666666,-78.91773926333333,3
Live oak,35.98415468666666,-78.91833094333333,3
,36.00687691,-78.90105262,
,36.07070014,-78.90197866,
Crape myrtle,33.78300437683019,-118.01816339924528,424
Crape myrtle,33.77839445957627,-117.94624479830509,268
Crape myrtle,33.780125219179105,-117.92419970559702,265
Crape myrtle,33.79327445912844,-117.97170326422018,264
Crape myrtle,33.761440678877555,-117.9642458234694,236
Crape myrtle,33.78300788375,-118.0324753004717,218
Crape myrtle,33.778748635879396,-117.90448420100502,199
Crape myrtle,33.794763920769235,-117.95246764055943,196
Crape myrtle,33.770163464577465,-117.98195074647887,143
Crape myrtle,33.759925724469696,-117.94228147310606,142
,33.78120484,-117.9693245,
,33.78044377,-117.9693615,
,33.78044902,-117.9686238,
Red maple,36.0416953,-79.48144773333334,49
Red maple,36.08190386333333,-79.79580936666666,46
Red maple,36.04529655102041,-79.4650848367347,30
Red maple,36.0407825,-79.48063623913043,26
Red maple,36.050418615384615,-79.4650865,16
Red maple,36.0356166875,-79.481443625,15
Red maple,36.0407026,-79.47579733333333,7
Red maple,36.04547771428572,-79.47025699999999,7
Red maple,36.05015025,-79.4702515,6
Red maple,36.08166718428571,-79.79878215428572,4
Pin oak,36.050585000000005,-79.46453733333334,6
Pin oak,36.082983775,-79.7986944,3
Pin oak,36.04557,-79.465453,2
Pin oak,36.045427,-79.470342,2
Pin oak,36.045312333333335,-79.4642345,2
Pin oak,36.08111133,-79.79876354000001,2
Pin oak,36.08161434,-79.79675358,2
Pin oak,36.0445785,-79.465794,1
Pin oak,36.050853,-79.465516,1
Pin oak,36.044746,-79.464451,1
Live oak,36.08271925,-79.79929938,3
Live oak,36.040867,-79.481988,2
Live oak,36.0804593,-79.796226215,1
Live oak,36.08326156,-79.79636572,1
Live oak,36.08121237333333,-79.79882393666666,1
Live oak,36.08338153,-79.79749497,1
Live oak,36.042284,-79.481049,1
Live oak,36.08167923,-79.79581975,1
Live oak,36.08202378,-79.79793425,1
Live oak,36.08074149,-79.79762792,1
,36.08278395,-79.79738413,
Crape myrtle,36.08230666,-79.798603496,5
Crape myrtle,36.083213443333335,-79.79492196666666,5
Crape myrtle,36.08245097,-79.79692608,3
Crape myrtle,36.080706279999994,-79.79492664333334,3
Crape myrtle,36.08129229,-79.799256594,3
Crape myrtle,36.08391586,-79.79657714,3
Crape myrtle,36.080601815,-79.797768345,3
Crape myrtle,36.0821512,-79.79759445,2
Crape myrtle,36.083323345,-79.798199025,2
Crape myrtle,36.08222486,-79.79601112,1
,36.08414951,-79.79708351,
,36.08145445,-79.797827,
,36.08127453,-79.79814216,
,36.08192977,-79.7978798,
,36.0816731,-79.79733011,
Live oak,29.763511909647075,-95.35312851311951,19096
Live oak,38.7482387,-75.39932350000001,15839
Live oak,31.33133569287671,-95.36889405369863,8261
Live oak,32.383584257281555,-93.41599522815535,365
Live oak,32.72501991132075,-96.6896948735849,206
Live oak,37.32362878666667,-91.9584289,106
Live oak,29.802479546713474,-95.51952884316668,87
Live oak,30.02869437142857,-98.96576956428571,70
Live oak,29.887434977011495,-96.87078631034483,15
Live oak,29.708424995119397,-95.42757213321639,14
Crape myrtle,31.36968019543147,-95.390035314467,19725
Crape myrtle,29.766264983726234,-95.39493142086185,8547
Crape myrtle,38.91357427941176,-75.4961439117647,7688
Crape myrtle,32.4682556013245,-93.41501215231789,7541
Crape myrtle,32.00094197586207,-98.09990613103449,394
Crape myrtle,29.515578364179103,-97.45882431940298,151
Crape myrtle,29.82248365463059,-95.52397737152705,110
Crape myrtle,29.74159588992629,-95.30715883677314,68
Crape myrtle,32.84797368363636,-96.60715443636363,67
Crape myrtle,29.696940446903596,-95.47403481217346,29
Callery pear,29.676311374,-95.484823316,84
Callery pear,32.75847468,-96.64075664,57
Callery pear,29.799918541666663,-95.40794596666667,50
Callery pear,31.4085141,-95.087437,17
Callery pear,29.749822257894735,-95.33196840877193,15
Callery pear,29.721515953333334,-95.39959456666666,9
Callery pear,29.622687,-95.205552,5
Callery pear,30.0061311,-95.4498505,3
Callery pear,29.67235705882353,-95.36289047058824,1
Callery pear,29.82181913333333,-95.4891659,1
Green ash,29.788776766520787,-95.40295921159736,457
Green ash,32.756907657142854,-96.63965815714286,306
Green ash,32.403093,-93.434488,159
Green ash,29.74426887124183,-95.30864930032679,101
Green ash,31.223961199999998,-95.3972311,78
Green ash,29.5801969625,-95.16625942083334,24
Green ash,29.791442765384616,-95.50890045897435,18
Green ash,29.95672502222222,-95.2551843611111,7
Green ash,29.73247032012579,-95.38769899119497,2
Green ash,29.658493656435642,-95.4783039009901,2
Red maple,29.76184675380711,-95.39763537055838,394
Red maple,38.818634,-75.4027065,191
Red maple,29.0782698,-98.0761775,169
Red maple,33.5169711,-96.3962514,110
Red maple,31.365690999999998,-95.2679516,84
Red maple,29.80931392513089,-95.45260592670158,6
Red maple,29.993127966666666,-95.18794745000001,4
Red maple,29.69884865147929,-95.48562516094674,2
Red maple,29.73050239818182,-95.32576053636363,2
Red maple,29.825278983333334,-95.5453241297619,1
Crape myrtle,33.72609464185321,-118.01704097926606,553
Crape myrtle,33.65011258529915,-117.96907547948717,545
Crape myrtle,33.69622759230216,-117.98639346187049,479
Crape myrtle,33.66993253186885,-117.99865168688524,401
Crape myrtle,33.676684638217274,-117.95257359693593,359
Crape myrtle,33.728793378118816,-118.04326038712873,351
Crape myrtle,33.745355657377935,-118.01991591283905,336
Crape myrtle,33.67555810127182,-117.97123235635911,305
Crape myrtle,33.72321408217119,-117.98840327599164,278
Crape myrtle,33.7073125753869,-118.01825714374999,202
,33.70490756,-118.0050478,
Crape myrtle,34.243649167482864,-118.33472282076394,6579
Crape myrtle,34.2377354373115,-118.5811820336062,5011
Crape myrtle,34.0786709500609,-118.28352009744215,4642
Crape myrtle,34.24198505617977,-118.42647359550561,3560
Crape myrtle,34.25766821705427,-118.50398647210821,2679
Crape myrtle,34.10296101839966,-118.19879032948224,2337
Crape myrtle,34.16210761478164,-118.55662486002238,1642
Crape myrtle,34.16704991019757,-118.403596487727,1021
Crape myrtle,33.79996184210526,-118.2836052631579,507
Crape myrtle,34.029821301775144,-118.41325641025641,76
Red maple,34.183,-118.468,4
Red maple,34.1444,-118.38,2
Red maple,34.0704,-118.483,2
Red maple,34.1133,-118.252,1
Red maple,34.0699,-118.368,1
Red maple,34.1017,-118.407,1
Red maple,34.2031,-118.437,1
Red maple,34.175,-118.383,1
Red maple,34.1921,-118.456,1
Red maple,34.1576,-118.375,1
Live oak,34.134052309782604,-118.37943750000001,736
Live oak,34.08540344827586,-118.28128735632184,548
Live oak,34.24681666666667,-118.61108333333333,510
Live oak,34.14973431372549,-118.59255098039216,459
Live oak,34.253365068493146,-118.30372260273973,339
Live oak,34.068248583877995,-118.47198474945534,292
Live oak,34.149577554744525,-118.47654379562044,261
Live oak,34.27228469945355,-118.44978688524589,183
Live oak,33.76842916666667,-118.297625,60
Live oak,34.124172566371676,-118.1979233038348,24
,34.0368,-118.508,
,34.0567,-118.475,
,34.0428,-118.436,
,34.055,-118.487,
,33.9868,-118.449,
Pin oak,34.1436,-118.218,5
Pin oak,34.163,-118.398,3
Pin oak,34.1142,-118.287,2
Pin oak,34.1577,-118.579,2
Pin oak,34.0964,-118.42,2
Pin oak,34.109,-118.26700000000001,1
Pin oak,34.0851,-118.306,1
Pin oak,34.142066666666665,-118.218,1
Pin oak,34.14235,-118.219,1
Pin oak,34.1085,-118.268,1
Green ash,38.223475027131364,-85.69436925576407,373
Green ash,38.26863784686567,-85.42320796522388,240
Green ash,38.22467534604396,-85.77048002725275,209
Green ash,38.2723407824,-85.5674763686,170
Green ash,38.12766401785714,-85.63373384857144,91
Green ash,38.28344051335294,-85.68323408782352,84
Green ash,38.16679963970833,-85.78305365433333,77
Green ash,38.180496466623374,-85.56968231012988,67
Green ash,38.108752684186044,-85.87220965697674,50
Green ash,38.260616721052635,-85.82146898521532,43
Pin oak,38.228504213205746,-85.7832068507177,502
Pin oak,38.26836209657143,-85.42935998885714,254
Pin oak,38.24265166463542,-85.68978306953125,209
Pin oak,38.10652542115385,-85.88543810653846,192
Pin oak,38.25476740750996,-85.82554292153387,187
Pin oak,38.15381022197531,-85.66442761037037,105
Pin oak,38.18798937764706,-85.58707823882352,81
Pin oak,38.17721151,-85.77602814278075,78
Pin oak,38.22277101767717,-85.72693493716535,51
Pin oak,38.19016657473684,-85.86621866157896,19
Red maple,38.16726659234568,-85.78262796987654,407
Red maple,38.21592395107843,-85.57791811843137,251
Red maple,38.24738557648649,-85.82653744523343,180
Red maple,38.229140166414346,-85.70339862322709,172
Red maple,38.10696198744444,-85.88315409211111,162
Red maple,38.269867152692306,-85.42372261076922,113
Red maple,38.15717324350649,-85.68174152168831,102
Red maple,38.116222342916664,-85.62596349458333,77
Red maple,38.27727142362832,-85.68298359460178,48
Red maple,38.225217982790696,-85.77028188540697,26
Callery pear,38.26519809822222,-85.42590331233333,90
Callery pear,38.24821459333334,-85.80129784791666,87
Callery pear,38.17697054310345,-85.5655209483908,50
Callery pear,38.2269375056,-85.6845552002,45
Callery pear,38.11526961,-85.87712245842106,32
Callery pear,38.165256976,-85.77891340066667,24
Callery pear,38.3512973025,-85.6300381225,22
Callery pear,38.13703050428571,-85.62849419071428,19
Callery pear,38.216800944545454,-85.75627167863637,14
Callery pear,38.2654192634375,-85.6973268890625,4
Littleleaf linden,38.22865368641509,-85.68983570792453,53
Littleleaf linden,38.24131489526316,-85.7838324231579,19
Littleleaf linden,38.16443125,-85.7836262175,10
Littleleaf linden,38.283826883749995,-85.69053744,10
Littleleaf linden,38.23056434,-85.81285177000001,10
Littleleaf linden,38.2327274,-85.759331551,8
Littleleaf linden,38.252252525,-85.829587929,4
Littleleaf linden,38.212251619,-85.720703582,4
Littleleaf linden,38.19200177333334,-85.76685260333333,3
Littleleaf linden,38.18110361,-85.67085729,1
Honeylocust,38.099305018,-85.89205425200001,33
Honeylocust,38.26934303833333,-85.42518482433334,32
Honeylocust,38.2231808146875,-85.7558198078125,30
Honeylocust,38.23657696939394,-85.69367389666667,18
Honeylocust,38.15118005125,-85.58098051125,17
Honeylocust,38.263304822777776,-85.81282302444444,15
Honeylocust,38.200721122352945,-85.69448906176471,10
Honeylocust,38.27708822933333,-85.676857318,10
Honeylocust,38.166264497,-85.77926643800001,8
Honeylocust,38.261940806666665,-85.58234879333334,6
Norway maple,38.25608839,-85.6855476925,7
Norway maple,38.26886786428572,-85.82374485571428,4
Norway maple,38.17385512333333,-85.56621762666667,3
Norway maple,38.17656511,-85.77323436,3
Norway maple,38.216251875,-85.71929675999999,2
Norway maple,38.10662539,-85.88449475,2
Norway maple,38.183166225,-85.667245655,2
Norway maple,38.242015863333336,-85.83009135333333,2
Norway maple,38.25585123,-85.7761925,1
Norway maple,38.232268160000004,-85.69525984500001,1
,38.21143338,-85.70345031,
,38.21138414,-85.703596,
,38.21148292,-85.7035452,
,38.21146211,-85.70362768,
,38.2113581,-85.70349002,
Norway maple,43.04526300672961,-89.44350679567381,3428
Norway maple,43.083214414285294,-89.29826750102683,2744
Norway maple,43.125762217316726,-89.30832432459786,2475
Norway maple,43.06903270147475,-89.5082692531596,2330
Norway maple,43.04062377584,-89.38233420265334,2190
Norway maple,43.027298360608604,-89.49394357151604,2060
Norway maple,43.094202161630136,-89.35227036327854,1810
Norway maple,43.06624726824862,-89.41205053529282,1726
Norway maple,43.06518952499515,-89.46532965670873,1405
Norway maple,43.13679017917729,-89.37205730586906,750
Red maple,43.03352704857143,-89.45951421285714,42
Red maple,43.07643124578948,-89.37256759526315,34
Red maple,43.063112762857145,-89.41666028428571,33
Red maple,43.06997218,-89.533812186875,30
Red maple,43.137456266363635,-89.36972991909091,28
Red maple,43.080072492727275,-89.30654248818182,22
Red maple,43.07322202333333,-89.476209211,21
Red maple,43.03556713264706,-89.48665265735293,19
Red maple,43.099325429375,-89.333714513125,16
Red maple,43.059880291190474,-89.44667375023809,16
Green ash,43.02738833903251,-89.49496212209365,2584
Green ash,43.0763523812766,-89.37694667921151,2383
Green ash,43.125200397760494,-89.30483951807153,2203
Green ash,43.05543650584884,-89.45835082468696,1773
Green ash,43.079263365065046,-89.29555733955519,1744
Green ash,43.06709244901044,-89.51135539275533,1598
Green ash,43.138247058063925,-89.37349201975343,1555
Green ash,43.09857735580849,-89.34114197950687,1286
Green ash,43.06610035986495,-89.42026828927973,1156
Green ash,43.036705250674736,-89.40057002677335,1095
Littleleaf linden,43.041519178835976,-89.4953329519312,596
Littleleaf linden,43.06600153970588,-89.3829935309091,500
Littleleaf linden,43.126098106307694,-89.30675950864615,395
Littleleaf linden,43.14136990816817,-89.38092946594594,378
Littleleaf linden,43.07078614332226,-89.48707826139535,378
Littleleaf linden,43.09102981273418,-89.29476659450633,374
Littleleaf linden,43.07475272862416,-89.51614766109061,333
Littleleaf linden,43.05490085681529,-89.43223139917198,325
Littleleaf linden,43.017459267519996,-89.49815256622,314
Littleleaf linden,43.09873442624339,-89.3500187555291,301
Pin oak,43.03908639114286,-89.47462201914286,35
Pin oak,43.092376064999996,-89.34217548000001,16
Pin oak,43.057773178125004,-89.423798263125,14
Pin oak,43.138058754285716,-89.37616044,9
Pin oak,43.074564984,-89.50629253,7
Pin oak,43.058218426428574,-89.46802170071429,7
Pin oak,43.054099588571425,-89.38482493000001,5
Pin oak,43.13511193,-89.30389307,2
Pin oak,43.09043216,-89.29971011,1
Pin oak,43.05737365888889,-89.44242012888888,1
Honeylocust,43.08879926280303,-89.27036572839394,768
Honeylocust,43.010343687265625,-89.50187015726563,660
Honeylocust,43.07565486198705,-89.53967773559394,545
Honeylocust,43.05693366053192,-89.40448368893617,463
Honeylocust,43.03274699245283,-89.28414861646226,235
Honeylocust,43.12593973721154,-89.37185536192307,212
Honeylocust,43.03841389350458,-89.53981627515597,188
Honeylocust,43.05447535148936,-89.46896009140426,108
Honeylocust,43.08946959514019,-89.3174871757944,107
Honeylocust,43.15018760027778,-89.29782773962962,104
London planetree,43.074009104,-89.53579022866667,15
London planetree,43.06532431666667,-89.31021972500001,14
London planetree,43.06533493357143,-89.40138650285714,12
London planetree,43.112851605,-89.3540651675,11
London planetree,43.02266401333333,-89.49131451666666,9
London planetree,43.06888634777778,-89.43445814111111,9
London planetree,43.12149678875,-89.32239916,8
London planetree,43.039670737777776,-89.46416426555555,7
London planetree,43.03016333428572,-89.28419797142858,6
London planetree,43.0398492,-89.39267696363636,6
Honeylocust,43.09663676534653,-88.01713286016502,385
Honeylocust,43.18924751825974,-88.73035710542858,362
Honeylocust,43.054051194392265,-87.8947769962431,306
Honeylocust,42.984113096131146,-88.09420481150819,305
Honeylocust,42.984160676875,-87.92442990308334,303
Honeylocust,43.02844216832089,-88.04176336514925,268
Honeylocust,43.11888368803922,-87.94294625153594,264
Honeylocust,42.932498104699995,-87.85118174179999,245
Honeylocust,43.03816045632653,-87.96106489408163,240
Honeylocust,42.976970778560606,-88.00718857537879,100
Green ash,42.98905157869822,-88.12948734573965,782
Green ash,43.152627499680314,-87.94867169546036,578
Green ash,43.19216629513513,-88.72792002065637,454
Green ash,43.07541383502203,-88.0231714021586,301
Green ash,43.063304186854836,-87.8894513722984,284
Green ash,42.9928050632526,-88.08116382060554,259
Green ash,43.01961707451827,-87.9528427670432,248
Green ash,42.96012377600985,-88.01996906147782,203
Green ash,42.96161404544218,-87.88466188823129,169
Green ash,43.103317701021126,-87.93408223830986,147
Norway maple,43.12940080440341,-87.93801880181819,976
Norway maple,43.192349944877044,-88.7253924481045,352
Norway maple,42.991562034910714,-88.07297783589286,336
Norway maple,43.045437691717176,-87.96250917939393,259
Norway maple,43.06406065779874,-87.89188447427674,257
Norway maple,42.984536394749036,-87.96217929818533,217
Norway maple,43.16322638680851,-88.02112417042554,198
Norway maple,43.071313807431906,-88.02855396754863,159
Norway maple,42.977864682580645,-88.11598600944701,104
Norway maple,42.96283869144231,-87.87666605557692,47
Red maple,43.1921152297561,-88.72564342195122,41
Red maple,43.070843962727274,-87.99560032090909,19
Red maple,43.003817708571425,-88.07130830571428,12
Red maple,42.86454699857143,-87.96304943285715,12
Red maple,43.16195611444445,-87.96246543555556,11
Red maple,43.04170428083333,-87.88971338416667,9
Red maple,42.96904673833333,-88.11162202916667,9
Red maple,43.10605572,-87.91457140947368,7
Red maple,42.95426905333333,-87.94856429,7
Red maple,42.955850365555555,-88.02205264666667,6
Littleleaf linden,42.983989638943086,-88.09721606691056,266
Littleleaf linden,43.18891695533834,-88.71953225214286,135
Littleleaf linden,43.04810987019608,-87.9565289582353,123
Littleleaf linden,43.0464980109901,-87.89688847267327,101
Littleleaf linden,42.977171623764704,-87.93271685917647,85
Littleleaf linden,43.065388195000004,-88.0254272075,51
Littleleaf linden,42.944776796250004,-88.02256638166666,40
Littleleaf linden,43.121942510357144,-87.92776197964285,28
Littleleaf linden,43.1903887645926,-88.7523059157037,24
Littleleaf linden,43.16925015125,-88.05600498,8
Callery pear,43.186906316136366,-88.75101812522728,171
Callery pear,42.97620457268293,-88.10715397902439,93
Callery pear,43.11855413392857,-87.92396902464286,46
Callery pear,43.19340966590643,-88.72501005672515,44
Callery pear,42.97117460230769,-88.01290082076922,43
Callery pear,43.18801361462366,-88.71168098892474,41
Callery pear,42.99060383666667,-87.90128588666666,34
Callery pear,43.20598618347826,-88.70644383586956,28
Callery pear,42.99275159941176,-88.08141415205883,13
Callery pear,43.207804803953486,-88.74550431674419,3
Pin oak,43.04581589666666,-87.88484305333333,6
Pin oak,42.99683046333333,-88.09554857,4
Pin oak,43.0354080775,-88.04881129500001,3
Pin oak,42.97891771,-87.89202109,2
Pin oak,42.937838604999996,-88.031796365,2
Pin oak,43.08369327,-87.99506639,2
Pin oak,43.095115590000006,-87.90048145,1
Pin oak,42.99032113,-88.145961,1
Pin oak,43.072307890000005,-87.870134265,1
Pin oak,42.97745087,-87.91287661,1
Callery pear,36.15863408,-86.77393942,5
Callery pear,36.1525796,-86.7850936,4
Callery pear,36.1611561,-86.7848883,3
Callery pear,36.1513396,-86.7683586,3
Callery pear,36.1618637,-86.7777341,2
Callery pear,36.1646969,-86.7827601,2
Callery pear,36.1632598,-86.7760492,1
Callery pear,36.1599632,-86.7749332,1
Callery pear,36.153515,-86.783856,1
Callery pear,36.1588007,-86.7732791,1
London planetree,36.164127,-86.772139,96
London planetree,36.082284,-86.791662,73
London planetree,36.1575828,-86.77565813333332,41
London planetree,36.1368928,-86.7610484,23
London planetree,36.16052247317073,-86.77692282195122,16
London planetree,36.1673519,-86.7732851,15
London planetree,36.1624279,-86.7872886,5
London planetree,36.165688,-86.778098,4
London planetree,36.153515,-86.7839574,4
London planetree,36.15894672173913,-86.77384920434783,4
Green ash,36.165688,-86.778098,15
Green ash,36.1612758,-86.7828574,13
Green ash,36.1620574,-86.7737296,8
Green ash,36.153515,-86.7839574,3
Green ash,36.1677366,-86.7787187,2
Green ash,36.1632249,-86.7802119,2
Green ash,36.1618637,-86.7777341,1
Red maple,36.164127,-86.772139,10
Red maple,36.15710946666667,-86.7761159,10
Red maple,36.161234639999996,-86.78497812,8
Red maple,36.16046178,-86.77692938,6
Red maple,36.1626956,-86.77592916666667,5
Red maple,36.16170686666667,-86.77392479999999,3
Red maple,36.1677366,-86.7787187,3
Red maple,36.1624279,-86.7872886,3
Red maple,36.158096625,-86.775409625,2
Red maple,36.1599632,-86.7749332,1
,36.1615851,-86.7740564,
,36.1615851,-86.7740564,
Red maple,40.68371953231827,-73.89051132480027,3042
Red maple,40.52934816411537,-74.21496799975043,2528
Red maple,40.744164775694564,-73.73909679057807,1803
Red maple,40.609119532935566,-74.11941326464826,1729
Red maple,40.857905157098294,-73.8625006522837,1699
Red maple,40.67372694187187,-73.76542822738739,1659
Red maple,40.55538483821203,-74.16032247344145,1527
Red maple,40.79926768900091,-73.92215907243416,1159
Red maple,40.758994139427365,-73.81666192581073,1101
Red maple,40.6358499693985,-73.97401230459225,999
Pin oak,40.794363221983254,-73.9548990982327,8535
Pin oak,40.686925656614726,-73.95503606886633,6995
Pin oak,40.75412750373872,-73.77824877136615,6327
Pin oak,40.54288992041667,-74.18275363732954,5640
Pin oak,40.69723699374823,-73.84183699660639,5270
Pin oak,40.85930350275644,-73.87713336385966,4563
Pin oak,40.74837558604236,-73.8872716076991,4538
Pin oak,40.62249277422391,-73.97439524059772,4533
Pin oak,40.60345274542845,-74.11589833022792,4144
Pin oak,40.68638956409025,-73.76281729894306,2640
Honeylocust,40.83772222101425,-73.91415374258678,8765
Honeylocust,40.70950560467161,-73.9793807940562,8335
Honeylocust,40.741391022960144,-73.86482094340894,8222
Honeylocust,40.57999820628169,-74.14779912927546,7720
Honeylocust,40.62072041581902,-73.97514542590967,6288
Honeylocust,40.77481002650542,-73.95949478691729,6172
Honeylocust,40.73544125422803,-73.7584970171734,5715
Honeylocust,40.680989491695264,-73.9041934920144,4631
Honeylocust,40.85767230347662,-73.85168958937648,4234
Honeylocust,40.65022794790901,-73.78446434117936,4182
London planetree,40.54209164485739,-74.17680213668972,13928
London planetree,40.62811192393955,-73.91963415181719,12529
London planetree,40.851639509405516,-73.85983951967978,12379
London planetree,40.74914198951712,-73.78222308914359,10149
London planetree,40.70363122148291,-73.86383437694354,8491
London planetree,40.67343096553621,-73.76905320940939,7070
London planetree,40.62015857285645,-73.99277870780757,6964
London planetree,40.69286260124014,-73.96661637827818,6756
London planetree,40.781428326922736,-73.93054752545737,6434
London planetree,40.60150700324894,-74.11436343172278,2314
Norway maple,40.7410539487668,-73.72968897206334,4639
Norway maple,40.62014691932987,-73.93334074114385,4252
Norway maple,40.598621783576185,-74.12053868912928,4168
Norway maple,40.85876530091381,-73.86267049272989,3831
Norway maple,40.73473148470367,-73.89971167014816,3469
Norway maple,40.751589542543655,-73.79949780745204,3462
Norway maple,40.64751961416237,-73.98452232329896,3137
Norway maple,40.539398126108736,-74.19346029405651,3104
Norway maple,40.67522888166082,-73.75477751230156,2251
Norway maple,40.69205614375881,-73.83925706326285,1876
Callery pear,40.714154334053404,-73.98031987455406,8059
Callery pear,40.5482916097965,-74.16975503629483,7519
Callery pear,40.7436800164384,-73.77243545122676,7418
Callery pear,40.847588710199574,-73.87421403739779,5927
Callery pear,40.52529895578268,-74.22028236904508,5489
Callery pear,40.71487614714695,-73.88177598025476,5481
Callery pear,40.603721812380954,-74.11616652829046,5393
Callery pear,40.62373268313365,-73.97370618098121,5161
Callery pear,40.64654633725775,-73.79808814955805,4841
Callery pear,40.78472053328293,-73.95309026323557,3643
Littleleaf linden,40.74647708629916,-73.87875935479985,4259
Littleleaf linden,40.60960276730659,-74.11362012289398,3900
Littleleaf linden,40.70212184990503,-73.96983384243326,3896
Littleleaf linden,40.745364860312826,-73.77983286259123,3836
Littleleaf linden,40.68166808004506,-73.88247014820614,3551
Littleleaf linden,40.53516010642188,-74.19184040264062,2975
Littleleaf linden,40.79100959754122,-73.9503877484301,2848
Littleleaf linden,40.670663911206724,-73.76875461542858,2790
Littleleaf linden,40.85097534101795,-73.87308030953334,1047
Littleleaf linden,40.62442967266025,-73.97248111038272,640
Green ash,40.667244919689026,-73.82714772371952,2127
Green ash,40.54070325646413,-74.19858387729799,1865
Green ash,40.85454399080357,-73.86538451542411,1863
Green ash,40.6170927418006,-73.971265786429,1792
Green ash,40.718933969012696,-73.74859124394453,1655
Green ash,40.77900482408602,-73.9275186043871,1640
Green ash,40.693133351514156,-73.96980190524687,1547
Green ash,40.75005877145465,-73.85444563113258,1519
Green ash,40.5929937585849,-74.12476774758255,1395
Green ash,40.69259518494906,-73.90403686958177,848
Crape myrtle,34.04765794234017,-117.5728795800965,1666
Crape myrtle,41.156695,-104.752656,1611
Crape myrtle,35.392444749999996,-120.60372199999999,829
Crape myrtle,34.05791637406963,-117.66234281578632,459
Crape myrtle,41.306981,-105.617163,28
Crape myrtle,35.881776,-118.656086,24
Crape myrtle,35.122776,-117.95667,9
Crape myrtle,34.839964,-115.967051,2
Crape myrtle,34.07380580477964,-117.62873637957789,1
Crape myrtle,34.02111914531591,-117.62850025076253,1
,34.06334,-117.65089,
,34.0907435,-117.6110333,
,34.0907435,-117.6110333,
,34.0744243,-117.6348743,
,34.070286,-117.588185,
,34.0812712,-117.619859,
Green ash,38.94128563511905,-94.72315690178571,484
Green ash,38.97272280392157,-94.87366805882353,321
Green ash,39.00130807196262,-94.67194555140188,283
Green ash,38.90053005111111,-94.63911871555555,200
Green ash,38.922623825206614,-94.67173183099173,168
Green ash,38.963052013,-94.643393549,111
Green ash,38.992402369863015,-94.75291869863015,102
Green ash,38.902067758657246,-94.70244190106007,96
Green ash,38.95597376041667,-94.83649807291665,90
Green ash,38.96483598288288,-94.69602915315315,73
Pin oak,39.001479175813955,-94.66786468930232,742
Pin oak,39.13185946666667,-100.45396153333333,678
Pin oak,38.852719711486486,-94.64517826858108,437
Pin oak,38.95161785957447,-94.7522004893617,359
Pin oak,38.94636401051213,-94.68162936765499,296
Pin oak,38.96344562283737,-94.84099884775087,289
Pin oak,38.84889540027855,-94.68805737660168,247
Pin oak,38.947185857374635,-94.6431977938053,215
Pin oak,38.95714537254005,-94.70644589977117,141
Pin oak,38.90982502914979,-94.70566921862348,15
Red maple,38.9006343752316,-94.68869125450999,3122
Red maple,39.133122,-100.460357,2810
Red maple,38.857223894010254,-94.70053671204356,2392
Red maple,38.933281,-101.369448,2051
Red maple,38.88832313395018,-94.72515504587189,1389
Red maple,39.001634338512396,-94.67195389305785,806
Red maple,38.85667996479933,-94.65895730493311,605
Red maple,38.90548691972642,-94.63978847091433,66
Red maple,38.927920858188585,-94.72022065769231,30
Red maple,38.96765624242424,-94.85421153030303,18
Norway maple,38.91389465849057,-94.67766899056603,176
Norway maple,39.01142110128205,-94.66545448461538,88
Norway maple,38.87039504431818,-94.66036836022727,78
Norway maple,38.96638646153846,-94.85965746153846,54
Norway maple,38.88627002954546,-94.72154330795455,53
Norway maple,38.94611553518518,-94.65764412222222,40
Norway maple,38.974865765,-94.68782615,40
Norway maple,38.960425875,-94.767184625,13
Norway maple,38.836132049999996,-94.71220435,12
Norway maple,38.93378153,-94.71642863,8
Honeylocust,38.86104636060606,-94.70519530606062,298
Honeylocust,38.93779602177419,-94.71455355403225,143
Honeylocust,38.91458658888889,-94.64040735925926,124
Honeylocust,39.016491981578945,-94.66730482631579,105
Honeylocust,38.85986423846154,-94.66347491118881,81
Honeylocust,38.977960125,-94.845535875,49
Honeylocust,38.922313830536915,-94.68180099463086,41
Honeylocust,38.84084184390244,-94.63986788048781,38
Honeylocust,38.89941930380952,-94.72439694380952,33
Honeylocust,38.96933896326531,-94.68416059387756,8
Callery pear,38.94547675566037,-94.65819673018869,294
Callery pear,39.133122,-100.460357,191
Callery pear,38.87526865183246,-94.68923686701571,167
Callery pear,38.9975305984252,-94.67489400236221,162
Callery pear,38.90778258197279,-94.70402727414967,150
Callery pear,38.956056555555556,-94.84164161111111,141
Callery pear,38.933230194326235,-94.72698164468085,127
Callery pear,38.90250434730539,-94.64309968802395,106
Callery pear,38.851973706790126,-94.66283557839506,18
Callery pear,38.87480439733333,-94.72372298799999,1
Littleleaf linden,38.941773403614455,-94.71398891626505,252
Littleleaf linden,38.85395525992063,-94.6549385079365,166
Littleleaf linden,38.92857166666667,-94.66940030555556,121
Littleleaf linden,38.88582329256198,-94.71113243801653,121
Littleleaf linden,39.02244038571429,-94.66922574285714,62
Littleleaf linden,38.9629214,-94.8388658,54
Littleleaf linden,38.90123372222222,-94.62616876444444,53
Littleleaf linden,38.8584185516129,-94.68781063387097,45
Littleleaf linden,38.969247515094345,-94.65483198867925,21
Littleleaf linden,38.90729297272728,-94.71306377768596,5
London planetree,38.838788436363636,-94.71784537272728,20
London planetree,38.9475122,-94.70439188181818,13
London planetree,38.95124008333334,-94.84024899999999,12
London planetree,39.0181827,-94.66777819999999,11
London planetree,38.88181053076923,-94.69979576153847,11
London planetree,38.844307,-94.680053,11
London planetree,38.952684,-94.82739,8
London planetree,38.953062,-94.71455,5
London planetree,38.949341679999996,-94.70427358,5
London planetree,38.9456162125,-94.7041449875,1
Littleleaf linden,40.46891809895349,-79.9250568626938,516
Littleleaf linden,40.481875771875,-80.02384171239584,372
Littleleaf linden,40.407718961796874,-80.01134674757813,324
Littleleaf linden,40.44216437810811,-79.91685981069497,259
Littleleaf linden,40.43139604243697,-79.97425587613445,248
Littleleaf linden,40.44497284098592,-80.05716331232394,209
Littleleaf linden,40.454110568851675,-79.89485416229665,142
Littleleaf linden,40.451373756419756,-80.0139592119753,128
Littleleaf linden,40.418700913306445,-79.92619455528225,119
Littleleaf linden,40.44694466172043,-79.94510918193548,96
Red maple,40.471889326393764,-79.92818589961013,526
Red maple,40.45243605794676,-80.0170476353232,513
Red maple,40.415788042808394,-79.92113051737532,512
Red maple,40.452078212579366,-79.89144255857143,409
Red maple,40.481909715187165,-80.0291985086631,381
Red maple,40.43825871310547,-79.97638323541015,257
Red maple,40.44415269107579,-79.92419414784841,252
Red maple,40.44907073683099,-80.05827084316901,243
Red maple,40.463707820739295,-79.95507864727627,187
Red maple,40.40505213028807,-80.00657256921811,142
Norway maple,40.476133144992026,-79.9226465622807,682
Norway maple,40.455150755739346,-80.00992236486215,627
Norway maple,40.41560943501292,-79.98778381937984,404
Norway maple,40.3971144144,-79.93375816288,399
Norway maple,40.40216636456929,-80.02301764127341,387
Norway maple,40.48259962607973,-80.0260642323588,301
Norway maple,40.45916499670792,-79.95165869069307,286
Norway maple,40.44612839329114,-80.05587827232068,267
Norway maple,40.435898510351905,-79.92456152634898,237
Norway maple,40.45264710594405,-79.89443346437064,125
Pin oak,40.46799547938389,-80.02119903374407,467
Pin oak,40.44316574276224,-79.90374392545455,286
Pin oak,40.44137992062098,-79.9420988117773,266
Pin oak,40.479251170639095,-79.9148848043985,211
Pin oak,40.40799349138889,-80.04492801777778,165
Pin oak,40.42550549042424,-79.93147836757576,143
Pin oak,40.446239569565215,-80.07168686652174,53
Pin oak,40.41415265094339,-80.00074222339623,36
Pin oak,40.47269035048951,-79.93442221601399,23
Pin oak,40.38047498454545,-79.91701207727273,22
London planetree,40.44307263223169,-79.95653814555367,678
London planetree,40.45452652753086,-80.0074878698354,587
London planetree,40.446617985652175,-79.90273948230978,451
London planetree,40.47133236048781,-79.92150280815964,400
London planetree,40.441305009557524,-79.927139569941,368
London planetree,40.40753065292517,-79.99137430013606,243
London planetree,40.479353138930485,-80.02878913925133,187
London planetree,40.42300647375,-79.917483699625,147
London planetree,40.447630474545456,-80.05787155163637,108
London planetree,40.42665201953704,-80.01821888064815,55
Callery pear,40.45981483469799,-79.93483364042507,483
Callery pear,40.4619947390172,-80.01978452700246,447
Callery pear,40.426975753313606,-79.97863029964496,407
Callery pear,40.4160682194054,-80.01679068686487,338
Callery pear,40.441043111875,-79.95172639971591,288
Callery pear,40.42015087486111,-79.92401987628472,271
Callery pear,40.469966679409595,-79.9602670498155,270
Callery pear,40.44601886637681,-79.99182235202899,185
Callery pear,40.45774771588889,-79.91279392729629,176
Callery pear,40.44230412663462,-80.04647702634614,104
Green ash,40.427326253000004,-79.984156066,54
Green ash,40.46148003535715,-79.94893141464286,30
Green ash,40.453352851,-79.886416629,30
Green ash,40.452441879000006,-80.011272675,28
Green ash,40.432730415,-79.946807565,28
Green ash,40.48207690928571,-79.89457148071428,20
Green ash,40.390583340666666,-79.997459308,20
Green ash,40.456692836923075,-80.04440669923078,15
Green ash,40.431353030333334,-79.91502031766666,13
Green ash,40.4689833905,-79.9237759075,10
Honeylocust,40.47648856166666,-79.91494833266667,30
Honeylocust,40.4330224,-79.97630321000001,24
Honeylocust,40.43524772666667,-79.94281789791667,12
Honeylocust,40.44972643,-80.06326354333333,10
Honeylocust,40.45396667999999,-79.877822522,7
Honeylocust,40.46622127714286,-80.00548396714285,7
Honeylocust,40.37463925,-79.914838665,3
Honeylocust,40.452147875,-79.953104015,3
Honeylocust,40.43159987571429,-79.91482117285715,3
Honeylocust,40.41478832333333,-80.02244256,2
Norway maple,45.51602244688213,-122.68753896053232,3397
Norway maple,45.48675387288372,-122.52561581376744,2658
Norway maple,45.49546687117925,-122.59033515134772,2630
Norway maple,45.59356622007692,-122.75105742201923,2316
Norway maple,45.51307389595561,-122.64212014334085,2130
Norway maple,45.55593052110392,-122.65363535025021,1649
Norway maple,45.543742659384975,-122.60430051018778,1484
Norway maple,45.57011137172832,-122.70168984596725,1075
Norway maple,45.471348949227114,-122.63861408687391,1040
Norway maple,45.53763559639759,-122.53354650879517,830
Red maple,45.53854219598868,-122.65277415262982,3004
Red maple,45.54635986921939,-122.52552484401077,2943
Red maple,45.52286235991505,-122.68598226326878,2205
Red maple,45.49193884227665,-122.6348161534294,1735
Red maple,45.467590679381026,-122.69582915350756,1393
Red maple,45.574839788743716,-122.69360345068199,1231
Red maple,45.4788625132137,-122.51855256035888,881
Red maple,45.536429071873016,-122.6088194527891,743
Red maple,45.57166350922815,-122.75986242973893,727
Red maple,45.49697271018684,-122.57601153988627,613
Crape myrtle,45.54064454317073,-122.60257196097561,157
Crape myrtle,45.527190854375,-122.70394164375,140
Crape myrtle,45.50507805988372,-122.50731795348838,123
Crape myrtle,45.541852744267516,-122.63292734840765,107
Crape myrtle,45.49799049864286,-122.63036194428571,86
Crape myrtle,45.55852957495327,-122.66269966448598,74
Crape myrtle,45.57568958959183,-122.70811728367347,49
Crape myrtle,45.478685337708335,-122.68676023958334,48
Crape myrtle,45.48790205189189,-122.57232592972973,36
Crape myrtle,45.54175184555556,-122.52034308333333,32
Crape myrtle,34.14837118293388,-117.50022223181817,1672
Crape myrtle,34.14692547809441,-117.58846481145105,1632
Crape myrtle,34.094526265308644,-117.5651626377572,1546
Crape myrtle,34.14316116340585,-117.52890786757308,1471
Crape myrtle,34.15123302380546,-117.61733070759387,1397
Crape myrtle,34.110813484034935,-117.5368142609607,1172
Crape myrtle,34.12754730721216,-117.57653114941786,1145
Crape myrtle,34.108337415915074,-117.60150301255982,1144
Crape myrtle,34.13229860405154,-117.61041267251252,972
Crape myrtle,34.13194153420956,-117.55191471433824,726
Red maple,43.14256879396985,-77.63134950778895,615
Red maple,40.72233920212766,-73.99681668085105,453
Red maple,43.16321320764228,-77.57410882276423,398
Red maple,41.7861707,-74.3010402,123
Red maple,43.1176342173913,-77.49705976086956,94
Red maple,43.10121505294118,-77.69683649558823,68
Red maple,43.18099933200883,-77.63076816754966,46
Red maple,43.23717032276423,-77.62682989918699,9
Red maple,42.869911,-77.885842,2
Red maple,40.85455711111111,-73.93374711111112,1
Honeylocust,40.71944972483222,-73.99249012751677,1467
Honeylocust,43.152908266189506,-77.60359760899796,1300
Honeylocust,43.182312138769234,-77.63542290615385,1065
Honeylocust,43.151744237398376,-77.56178514095528,984
Honeylocust,43.13935664967136,-77.63847890272301,803
Honeylocust,42.738921,-77.200837,183
Honeylocust,43.177841886052306,-77.580197549066,149
Honeylocust,42.53908,-77.627288,65
Honeylocust,43.23762995355191,-77.62581360273224,2
Honeylocust,43.101897195384616,-77.69476805384615,1
London planetree,43.146395512837834,-77.59658504932432,611
London planetree,40.72510909859155,-73.99707101408451,593
London planetree,43.139391687521076,-77.64226756728499,514
London planetree,43.18583150245499,-77.63287833371523,444
London planetree,43.14613365227964,-77.55596210212765,329
London planetree,43.16958564474708,-77.56866525972762,130
London planetree,43.24295034307693,-77.61947789,71
London planetree,43.286024,-77.684264,29
London planetree,43.096176362962964,-77.69602661851852,27
London planetree,40.858528666666665,-73.93151466666667,6
Callery pear,43.195396359722224,-77.64069309166666,159
Callery pear,40.7115855,-73.999346375,130
Callery pear,43.154864710000005,-77.59344161153845,102
Callery pear,43.18159463823529,-77.59785469313725,87
Callery pear,43.161982811494255,-77.64876030689655,72
Callery pear,43.15781656289308,-77.61676682138365,61
Callery pear,43.26268276470588,-77.64402783529412,31
Callery pear,43.16690541147541,-77.56122918852459,17
Callery pear,43.12810907096774,-77.63051918064515,16
Callery pear,43.10726886875,-77.70029424375001,8
Green ash,43.17793218877806,-77.58534502319202,474
Green ash,40.725398204545456,-73.99485277272727,446
Green ash,43.14350738258427,-77.59357338314607,401
Green ash,42.194236,-73.455462,398
Green ash,43.13875857932489,-77.64610743966244,356
Green ash,43.184550113901345,-77.63541155964126,266
Green ash,43.15274535075188,-77.55353772781955,78
Green ash,43.286024,-77.684264,44
Green ash,43.24764529615385,-77.61739048717948,31
Green ash,43.1543592,-77.61975298341709,1
Pin oak,43.13534016041667,-77.63589026458332,48
Pin oak,40.725419631578944,-73.99372405263158,41
Pin oak,43.14713337073171,-77.57466672195122,40
Pin oak,43.2342497875,-77.6245781,28
Pin oak,43.102915502500004,-77.6978205525,24
Pin oak,43.11621985714286,-77.49529442857143,24
Pin oak,43.19547592857143,-77.63080738214286,19
Pin oak,43.15973974375,-77.6140518375,16
Pin oak,43.286024,-77.684264,7
Pin oak,43.16452764583334,-77.55541271666667,6
Norway maple,38.65240247,-121.54403529000001,37
Norway maple,38.48514898108108,-121.46945857567567,11
Norway maple,38.5816695,-121.47012805714284,10
Norway maple,38.496036,-121.4039824,7
Norway maple,38.623156333333334,-121.43271320000001,4
Norway maple,38.558902636363634,-121.47685667272727,3
Norway maple,38.518421599999996,-121.52752964999999,2
Norway maple,38.44531105,-121.41221780000001,2
Norway maple,38.5518681,-121.4401503,2
Norway maple,38.573195725,-121.49462175,1
Red maple,38.66999950421456,-121.50634611570882,538
Red maple,38.56671571096654,-121.48258894386618,461
Red maple,38.69163172857143,-121.16220928571428,274
Red maple,38.446993477108435,-121.41527168674698,261
Red maple,38.49367880632184,-121.5079827689655,174
Red maple,38.61978848541667,-121.44584332291667,96
Red maple,38.54666404708029,-121.43843419306569,83
Red maple,38.64410553969631,-121.5375733570499,23
Red maple,38.1620066,-121.60989906666667,7
Red maple,38.33822336521739,-121.4168111,3
Pin oak,38.617373623999995,-121.49564604400001,82
Pin oak,38.47763544615385,-121.45669555,57
Pin oak,38.652212000000006,-121.54059871521739,46
Pin oak,38.56428403333334,-121.48699071052631,33
Pin oak,38.652330641463415,-121.50800641707318,26
Pin oak,38.4978887,-121.52046692142858,25
Pin oak,38.45197371818182,-121.42945859090909,21
Pin oak,38.6265529,-121.44053708333333,14
Pin oak,38.56145826190476,-121.45425803809523,6
Pin oak,38.38066805,-121.45425645,2
Callery pear,38.47289455700935,-121.44974697133956,1303
Callery pear,36.263166,-119.880836,871
Callery pear,38.56521335740528,-121.48183072858784,595
Callery pear,38.65895122993093,-121.52304423192633,542
Callery pear,38.55084657712177,-121.42902790479704,452
Callery pear,38.48171103097345,-121.52949407499999,321
Callery pear,38.36232123741007,-121.46042662733814,139
Callery pear,38.62445061630252,-121.46035858941175,19
Callery pear,38.24972804736842,-121.30288878421054,13
Callery pear,38.683434507692304,-121.17209363076924,11
London planetree,38.549429989985384,-121.44843460076754,6259
London planetree,35.076143,-118.63571899999998,2736
London planetree,38.65322217070088,-121.51317130325546,2611
London planetree,38.41663238354204,-121.42599894275492,1140
London planetree,38.49287102466887,-121.50584598327814,604
London planetree,38.24998516470588,-121.30287071323531,559
London planetree,38.16136643947369,-121.60806191315788,68
London planetree,38.6670121,-121.20715551803279,61
London planetree,38.565567921696754,-121.48304536779038,38
London planetree,38.624199646403504,-121.44099342614035,9
Crape myrtle,32.923198535,-117.18036255930232,623
Crape myrtle,32.74508785271505,-117.12551780134409,372
Crape myrtle,32.93283789516854,-117.09292744622793,308
Crape myrtle,32.68540842677966,-117.05152627118643,239
Crape myrtle,32.805807350251044,-117.1221762832636,231
Crape myrtle,32.83157991866667,-117.25299909333333,177
Crape myrtle,32.782776745887446,-117.05262700649351,86
Crape myrtle,32.730241839491526,-117.2390132118644,60
Crape myrtle,32.70482817733766,-117.11847064058443,59
Crape myrtle,33.02229225307693,-117.07001927307692,52
Red maple,37.72855111378049,-122.40574384878049,168
Red maple,37.77907671098039,-122.4259547254902,127
Red maple,37.78625775696429,-122.39647716964286,96
Red maple,37.718146420000004,-122.43556718333333,90
Red maple,37.750078775,-122.41528089375,83
Red maple,37.76810377807229,-122.40902196385542,82
Red maple,37.74563049211111,-122.38896860555556,51
Red maple,37.75531397454545,-122.46678551818181,41
Red maple,37.77684919944882,-122.43864277637796,30
Red maple,37.73454588756098,-122.46461025365853,22
Littleleaf linden,37.75408257857142,-122.46527355714285,55
Littleleaf linden,37.789066292,-122.39255765818181,22
Littleleaf linden,37.74851422933333,-122.418316,15
Littleleaf linden,37.76467198636363,-122.43824679999999,11
Littleleaf linden,37.776186836,-122.46614804000001,7
Littleleaf linden,37.78167859681818,-122.40400300909091,7
Littleleaf linden,37.735940559999996,-122.4335455,5
Littleleaf linden,37.761081014285715,-122.40881604285714,4
Littleleaf linden,37.73093776,-122.38552455,3
Littleleaf linden,37.783535164999996,-122.488828125,2
Crape myrtle,37.725488025,-122.44226871000001,24
Crape myrtle,37.75515327083333,-122.42965164166667,15
Crape myrtle,37.80324554375,-122.413949,10
Crape myrtle,37.7839545625,-122.479083025,10
Crape myrtle,37.71309744,-122.4043995,9
Crape myrtle,37.72032285333333,-122.45856803333332,8
Crape myrtle,37.73132315125,-122.3935114125,8
Crape myrtle,37.74171665714285,-122.47585761428572,7
Crape myrtle,37.755638631,-122.40433467999999,4
Crape myrtle,37.78792516888889,-122.43298481111111,4
,37.7627523,-122.4550676,
,37.75223335,-122.4130311,
,37.76036814,-122.4292407,
,37.78305134,-122.4200526,
,37.77347165,-122.4746704,
,37.79807267,-122.4348506,
,37.75804921,-122.4277488,
,37.79005827,-122.4539985,
,37.7580517,-122.4277078,
,37.75928044,-122.3963141,
,37.78303039,-122.4709548,
Littleleaf linden,47.69747660343406,-122.31917268653845,391
Littleleaf linden,47.60759683250639,-122.33005818107416,370
Littleleaf linden,47.55381056098266,-122.32586938034682,364
Littleleaf linden,47.56096786081081,-122.38575313162161,330
Littleleaf linden,47.67713153147436,-122.37615340384615,190
Littleleaf linden,47.53856058075269,-122.28053907096775,175
Littleleaf linden,47.578042532263154,-122.29519180842105,173
Littleleaf linden,47.72259152015152,-122.31260313424242,156
Littleleaf linden,47.64927934904762,-122.35802765714286,93
Littleleaf linden,47.64433043177143,-122.30709927942857,84
Red maple,47.64602839252959,-122.35303142426037,815
Red maple,47.565940904950004,-122.31355062075,709
Red maple,47.66827328690141,-122.31701166438631,676
Red maple,47.53843433322891,-122.36739736506024,664
Red maple,47.67366693552674,-122.3784510560778,617
Red maple,47.61749234136812,-122.33236284950635,497
Red maple,47.70422426331148,-122.33319485213116,415
Red maple,47.54188164560241,-122.28858095225903,400
Red maple,47.57236847685106,-122.38100156170213,305
Red maple,47.61406953192638,-122.30349795865031,235
Callery pear,47.61709613195506,-122.30937462808988,446
Callery pear,47.678355791995514,-122.35993486300448,445
Callery pear,47.543076709440996,-122.28569205900621,258
Callery pear,47.5500059249741,-122.37400181139897,251
Callery pear,47.68744392278539,-122.29321251780821,240
Callery pear,47.63390830101695,-122.35578692655368,219
Callery pear,47.64740849146667,-122.39920260466667,193
Callery pear,47.57749110820833,-122.31040333375,177
Callery pear,47.68051424027888,-122.38743737928287,161
Callery pear,47.66317217806201,-122.32937383643412,150
Norway maple,47.61284484066256,-122.33730087303545,675
Norway maple,47.53575957643917,-122.35407000801186,649
Norway maple,47.67481595128668,-122.30234037742663,628
Norway maple,47.53721296160884,-122.28240582996845,620
Norway maple,47.703628028515624,-122.34584908554687,443
Norway maple,47.56878654448387,-122.31793852209678,413
Norway maple,47.564169216366565,-122.3847066340836,337
Norway maple,47.62057053583704,-122.30825423022222,317
Norway maple,47.649496925525476,-122.34272025748406,311
Norway maple,47.66672459958838,-122.38123775811138,256
Pin oak,47.68743225795181,-122.31127278433735,147
Pin oak,47.58994831578948,-122.30365763508772,128
Pin oak,47.66759874795918,-122.38170573945578,109
Pin oak,47.546169313214286,-122.37235811071427,103
Pin oak,47.613076168515626,-122.3274322796875,83
Pin oak,47.539352061162795,-122.28180647209302,77
Pin oak,47.55425220261539,-122.32975707384615,65
Pin oak,47.66208291119266,-122.32046482752294,57
Pin oak,47.63785090441558,-122.29086312077922,56
Pin oak,47.63876939631068,-122.3583957407767,43
Crape myrtle,47.62809703333333,-122.35760985333333,51
Crape myrtle,47.550896156363635,-122.27528328484848,49
Crape myrtle,47.5522625340625,-122.377800278125,43
Crape myrtle,47.64492230040817,-122.4015001510204,38
Crape myrtle,47.621070912093025,-122.31833835348837,33
Crape myrtle,47.67058892941177,-122.32361365882353,32
Crape myrtle,47.53453412388889,-122.3247427388889,30
Crape myrtle,47.675173295,-122.35914878421052,18
Crape myrtle,47.639077615,-122.27852895833333,15
Crape myrtle,47.686161554,-122.39101979333333,12
Honeylocust,43.53102045986238,-96.66963863045872,341
Honeylocust,43.53344137695488,-96.75842945665413,325
Honeylocust,43.548424634640284,-96.70581243046763,278
Honeylocust,43.490578062164175,-96.73119784298508,266
Honeylocust,43.51741226994898,-96.80477928591837,229
Honeylocust,43.51320864,-96.7006176828821,218
Honeylocust,43.55130871406154,-96.73504898966154,196
Honeylocust,43.490941368476186,-96.76028672838095,134
Honeylocust,43.567884614793385,-96.75939241966942,121
Honeylocust,43.53085205372434,-96.72819340683284,105
Callery pear,38.58708899940708,-90.24344672137168,1130
Callery pear,38.62739001983806,-91.3761684491498,1127
Callery pear,38.66105083833333,-90.27920862173139,952
Callery pear,38.60728219887605,-90.29131450938026,871
Callery pear,38.66701720363107,-90.23089976126214,808
Callery pear,38.6392869294802,-90.2020380070297,652
Callery pear,38.5729593001837,-90.27481087265213,618
Callery pear,38.60412775512866,-90.21998228226265,515
Callery pear,38.70312236695652,-90.24766239043478,276
Callery pear,38.626550926257664,-90.24902934819019,247
London planetree,38.60194272889763,-90.2777767518504,412
London planetree,38.68740488064171,-90.24542357641711,327
London planetree,38.58590221088235,-90.24598406805882,305
London planetree,38.60421795224638,-90.21085701760869,254
London planetree,38.65903347590214,-90.26258460605504,221
London planetree,38.56744737497573,-90.26518204220875,187
London planetree,38.58479021996721,-90.29234041347542,170
London planetree,38.638227394887224,-90.29817299947369,138
London planetree,38.610413354660636,-90.24901721049774,133
London planetree,38.66436088128713,-90.21991270168317,101
Red maple,38.57089394280255,-90.25095302167993,1621
Red maple,38.63184144153846,-91.37682811377623,1275
Red maple,38.63652388833333,-90.19947847915459,1256
Red maple,38.682188896523435,-90.24152854023437,1141
Red maple,38.60321641066608,-90.24935232980718,948
Red maple,38.60896364378039,-90.29616794973333,768
Red maple,38.582714041116596,-90.28210118429364,505
Red maple,38.607238464177215,-90.2233207310021,501
Red maple,38.657381080039606,-90.27239430508911,414
Red maple,38.64382763287425,-90.2350987763074,143
Green ash,38.66062891774331,-90.27273008171123,1125
Green ash,38.630948393529415,-91.37713718319328,1030
Green ash,38.61085182119741,-90.2501310275728,935
Green ash,38.56592861729569,-90.26963753667162,927
Green ash,38.64255962339806,-90.20622132798059,873
Green ash,38.69272030019449,-90.2485572084765,759
Green ash,38.57922287264581,-90.24251554108108,703
Green ash,38.660396780106666,-90.2373630632889,673
Green ash,38.60977741942726,-90.21764243059565,617
Green ash,38.603980890289854,-90.29074999583662,119
Littleleaf linden,38.60477403383895,-90.24187597885768,696
Littleleaf linden,38.625500009999996,-91.37497405666666,558
Littleleaf linden,38.645297152723,-90.29062246615024,534
Littleleaf linden,38.580616956093195,-90.27980690403226,517
Littleleaf linden,38.64433457386046,-90.25210938953488,337
Littleleaf linden,38.572932600876435,-90.24925498610632,287
Littleleaf linden,38.608771035756675,-90.21277373302671,264
Littleleaf linden,38.60118588381045,-90.29711189025146,215
Littleleaf linden,38.64111510670455,-90.20616469200758,213
Littleleaf linden,38.681034391707314,-90.23915991153311,3
Pin oak,38.5672400662285,-90.26622241853808,1729
Pin oak,38.6333977255,-91.3776924355,1080
Pin oak,35.80150575,-93.26566301,862
Pin oak,38.66619230824885,-90.23584250605991,814
Pin oak,38.58558921423366,-90.30055051784846,621
Pin oak,38.63075196272,-90.21323014752001,434
Pin oak,38.59897244974478,-90.2793849836079,413
Pin oak,38.64862169061192,-90.28516224067633,375
Pin oak,38.711793879782086,-90.24323141118644,160
Pin oak,38.602733188648145,-90.2333540480926,10
Norway maple,38.58855002630058,-90.29579935208092,173
Norway maple,38.63221387764706,-91.37895233705882,173
Norway maple,38.67359598792453,-90.24025501311321,164
Norway maple,38.60280422695122,-90.24217832646342,145
Norway maple,38.648981793064515,-90.28139810725807,124
Norway maple,38.60918250743243,-90.21235824067567,108
Norway maple,38.572044938959536,-90.25697659410405,106
Norway maple,38.637334081574075,-90.2078904060185,74
Norway maple,38.70974850511628,-90.24672464906976,43
Norway maple,38.60997542468966,-90.27286071310346,17
Honeylocust,38.628472785,-90.29014552,29
Honeylocust,38.630411675,-91.37885610000001,22
Honeylocust,38.62116305666667,-90.23155468416667,14
Honeylocust,38.66725355083333,-90.21288057833334,14
Honeylocust,38.60885439448276,-90.21019716241379,12
Honeylocust,38.599876980454546,-90.24456252954546,12
Honeylocust,38.64236134071428,-90.23574895357142,9
Honeylocust,38.63897109111111,-90.2040164388889,9
Honeylocust,38.58544753666667,-90.27742975333334,8
Honeylocust,38.668172382142856,-90.24912625357142,2
Red maple,37.94352777809524,-121.29324887333333,656
Red maple,41.19840651612903,-105.84233390860217,420
Red maple,35.3313535,-118.34029749999999,226
Red maple,34.86905590322581,-120.4061364516129,186
Red maple,41.16401495454545,-104.77079881818182,124
Red maple,38.037251643750004,-121.31802986067072,66
Red maple,35.10429511627907,-117.96549330232557,43
Red maple,35.39288909090909,-120.27863345454544,35
Red maple,41.15854517647059,-106.17901961764706,34
Red maple,41.297696685714286,-105.55288014285715,22
Crape myrtle,37.98739169664989,-121.3074588014911,5164
Crape myrtle,41.172280923076926,-104.73910282336182,512
Crape myrtle,35.39409107067138,-118.37476659010599,425
Crape myrtle,35.41392128125,-120.43140575,351
Crape myrtle,41.20341169915254,-105.84831422881356,283
Crape myrtle,34.053682511450376,-118.2740370610687,236
Crape myrtle,35.11954314117647,-117.96822833411764,227
Crape myrtle,34.87051069162995,-120.40793781497797,131
Crape myrtle,36.29442913333333,-119.64355073333333,30
Crape myrtle,32.71670424444445,-117.12399248888889,9
Norway maple,37.95348095679012,-121.28633068765431,81
Norway maple,41.158221,-104.761995,11
Norway maple,35.431055,-120.472396,10
Norway maple,35.86474,-118.632379,7
Norway maple,34.869057,-120.406027,5
Norway maple,38.02121162727273,-121.26061338181817,4
Norway maple,35.345808,-120.39486,2
Norway maple,37.9184811,-121.30474357142857,1
Norway maple,37.98756445,-121.30930112499999,1
Norway maple,37.963328360000006,-121.31161116000001,1
Pin oak,38.026449577777775,-121.27170105814815,270
Pin oak,41.176292000000004,-104.78108322222222,135
Pin oak,35.875886563636364,-118.65110363636363,88
Pin oak,34.869057,-120.406027,55
Pin oak,41.195479,-105.84162,54
Pin oak,35.11285557142857,-117.96653514285715,22
Pin oak,37.92518977407408,-121.31294061037038,20
Pin oak,35.431055,-120.472396,7
Pin oak,41.2815,-104.91202700000001,6
Pin oak,37.962543125,-121.29555370795455,4
Green ash,38.029144,-121.2775664,7
Green ash,35.104349,-117.985689,4
Green ash,36.322815,-119.643112,3
Green ash,35.321597,-120.353274,1
Green ash,37.9577,-121.29078,1
Green ash,35.134968,-117.963781,1
Green ash,37.9295626,-121.2803178,1
Green ash,37.9466011,-121.2894954,1
Green ash,38.0286639,-121.275306125,1
Green ash,38.028718,-121.273055,1
Live oak,28.062756988289255,-82.4174365041418,2034
Live oak,27.91114550346154,-82.51507247671329,1777
Live oak,27.97066582979798,-82.44461738414141,717
Live oak,27.934349160390518,-82.47128547585774,350
Live oak,27.87189103458333,-82.519024570625,286
Live oak,28.060431628490658,-82.40951601030973,162
Live oak,27.94109082345679,-82.50569534462963,101
Live oak,28.11683474966667,-82.38376464533333,99
Live oak,27.989157473485715,-82.46483649768571,96
Live oak,28.025336888811882,-82.46636798554457,60
Red maple,27.998171477346936,-82.4569375132653,77
Red maple,28.06237947077922,-82.41265684363636,49
Red maple,27.888298586,-82.5041509008,42
Red maple,27.93935537121212,-82.51057719939394,33
Red maple,28.11390017375,-82.38785869875001,29
Red maple,27.972484271333332,-82.44254748133334,25
Red maple,27.934324850869565,-82.47247364956522,23
Red maple,28.038166252499998,-82.46316306,15
Red maple,27.906328469655172,-82.52028222793103,8
Red maple,27.979188577142857,-82.47236015142857,8
,27.98597,-82.46295,
,28.05717815,-82.42481813,
Pin oak,38.946002781308216,-77.02619081784933,1460
Pin oak,38.87196871489984,-76.966009338906,1421
Pin oak,38.96191488082456,-77.06875097291228,1107
Pin oak,38.900837996603435,-77.00712698031617,993
Pin oak,38.894442345306125,-76.93069012556587,767
Pin oak,38.93537055125163,-76.98251137860495,723
Pin oak,38.84273866351314,-76.99173906253112,649
Pin oak,38.917583283033075,-77.03839806086559,586
Pin oak,38.97392519213311,-77.0259569221331,570
Pin oak,38.93319115158107,-77.07819126626384,539
Littleleaf linden,38.90580983883978,-77.01617260417127,394
Littleleaf linden,38.9550645997561,-77.07615737884147,385
Littleleaf linden,38.89369843444155,-76.98223341906494,362
Littleleaf linden,38.917466034600004,-77.06665897803333,359
Littleleaf linden,38.88651552969543,-77.002867935,300
Littleleaf linden,38.94846574043307,-77.02915476472441,254
Littleleaf linden,38.841036643538466,-76.99130934692307,178
Littleleaf linden,38.885723265901646,-76.9398196502459,164
Littleleaf linden,38.91023008922006,-77.04110404011142,122
Littleleaf linden,38.9345313433146,-76.98364624353933,65
Red maple,38.891907314655725,-76.9931202880073,2193
Red maple,38.96296612401651,-77.06608133262723,2048
Red maple,38.93371045567518,-76.98146833206204,1549
Red maple,38.89202181247558,-76.93412192700684,1209
Red maple,38.92213327126042,-77.0665205170625,1102
Red maple,38.9621302638657,-77.01824235284936,1096
Red maple,38.91504419470626,-77.03025616976113,989
Red maple,38.943431338503544,-77.0907917983822,960
Red maple,38.865812465070306,-76.9666025721919,727
Red maple,38.83639735986567,-76.99918385844775,670
Norway maple,38.861116978414636,-76.97519360530488,667
Norway maple,38.95092909769116,-77.02549458962518,484
Norway maple,38.92035908041322,-77.06299337444214,465
Norway maple,38.95651455359673,-77.07034251111716,403
Norway maple,38.97663879277929,-77.03088977929156,367
Norway maple,38.892004534451615,-76.9951507891828,367
Norway maple,38.91676869364764,-77.0334052187593,238
Norway maple,38.938143244228186,-77.09314960986578,164
Norway maple,38.92807429920168,-76.99642104457983,149
Norway maple,38.88613803444444,-76.94079423652778,72
Crape myrtle,38.86263646372922,-76.97397122805226,890
Crape myrtle,38.91892060558074,-77.06741441382437,538
Crape myrtle,38.95450968219595,-77.00529657594595,458
Crape myrtle,38.89363728411236,-76.93484150677529,436
Crape myrtle,38.943791552499995,-77.08728459936047,421
Crape myrtle,38.93270740459108,-76.98132353061338,353
Crape myrtle,38.921452160087334,-77.02672768886463,344
Crape myrtle,38.8359272194853,-77.0000163125,342
Crape myrtle,38.96785441176606,-77.03741803733945,296
Crape myrtle,38.89110416736842,-76.9930842945614,272
Honeylocust,38.90981376860215,-77.01083267225806,120
Honeylocust,38.858915616216215,-76.975192385,94
Honeylocust,38.96143617761904,-77.01903265761905,93
Honeylocust,38.9286565696,-77.0878151088,79
Honeylocust,38.88059993816667,-77.00182514299999,74
Honeylocust,38.93182259255319,-77.0282705880851,64
Honeylocust,38.886229628461535,-76.92961791025641,63
Honeylocust,38.95754317025641,-77.07131538589744,50
Honeylocust,38.92331750453125,-76.98123782234376,39
Honeylocust,38.91033633151899,-77.04818577772151,39
Green ash,38.908326418,-76.975213056,11
Green ash,38.92785878571429,-77.03990958142857,7
Green ash,38.87079974454545,-77.01195725727273,7
Green ash,38.969601116,-77.060735316,7
Green ash,38.82677268571428,-77.00413983142857,5
Green ash,38.94437487,-76.99122340333334,5
Green ash,38.88303329666667,-76.94109237666667,3
Green ash,38.980652345,-77.02587905,3
Green ash,38.89654222,-77.02091682142857,3
Green ash,38.911055526666665,-77.06958447,2
,38.89074207,-76.97935569,
,38.89082331,-76.97936858,
